component_id,lot_id,iddq_0h,iddq_24h,iddq_96h,iddq_168h,leakage_0h,leakage_24h,leakage_96h,leakage_168h,prop_delay_0h,prop_delay_24h,prop_delay_96h,prop_delay_168h
C0001,L01,12.99,13.238,13.539,13.575,8.623,9.108,9.125,8.682,5.402,5.507,5.611,5.401
C0002,L01,11.678,11.507,11.691,11.626,9.055,9.771,9.191,9.246,5.567,5.676,5.782,5.949
C0003,L01,11.651,11.678,11.639,11.741,8.321,8.482,8.457,8.666,5.649,5.626,5.633,5.556
C0004,L01,12.817,12.656,12.615,12.8,9.936,10.625,10.853,11.023,5.415,5.505,5.876,6.981
C0005,L01,13.208,13.348,13.423,13.258,8.358,7.916,8.434,8.274,5.455,5.641,5.571,5.7
C0006,L01,13.512,13.318,13.632,13.393,9.637,9.299,9.779,9.623,5.832,5.721,5.477,5.652
C0007,L01,11.68,11.578,11.405,11.372,9.298,9.543,9.789,9.71,5.254,5.3,5.44,5.056
C0008,L01,11.39,12.25,12.183,12.358,9.162,9.123,9.281,9.335,5.387,5.454,5.533,5.313
C0009,L01,11.923,12.074,12.572,12.809,9.569,9.699,9.831,10.234,5.652,5.429,5.497,5.63
C0010,L01,10.669,10.914,11.286,11.334,9.163,9.673,9.648,9.853,5.66,5.611,5.658,5.524
C0011,L01,12.261,12.094,12.498,12.357,8.94,9.182,9.305,9.189,5.393,5.456,5.569,5.6
C0012,L01,12.166,12.107,12.404,12.251,8.872,9.112,8.672,9.022,5.37,5.197,5.509,5.347
C0013,L01,11.905,12.215,14.839,21.57,10.614,11.528,19.186,38.836,5.712,5.506,5.558,5.742
C0014,L01,11.57,11.775,11.683,11.555,7.769,7.846,8.274,8.164,5.349,5.372,5.437,5.488
C0015,L01,11.674,12.104,12.964,12.446,10.599,10.572,10.698,10.613,5.62,5.673,5.603,5.533
C0016,L01,12.761,12.176,12.713,12.336,8.423,8.27,8.297,8.094,5.486,5.393,5.527,5.312
C0017,L01,11.957,12.29,12.357,12.489,9.171,8.819,8.989,9.445,5.429,5.65,5.523,5.543
C0018,L01,13.088,13.336,13.748,13.246,10.106,9.484,9.919,9.771,5.388,5.39,5.414,5.457
C0019,L01,11.545,11.723,18.285,19.011,9.141,9.183,15.282,15.595,5.635,5.627,6.076,6.02
C0020,L01,12.579,13.679,18.988,35.083,8.264,10.189,19.995,50.033,5.685,5.35,5.438,5.679
C0021,L01,13.44,13.947,13.128,13.263,9.229,9.201,8.936,9.393,5.367,5.378,5.524,5.554
C0022,L01,12.657,12.323,12.73,12.335,9.485,9.948,9.96,9.821,5.662,5.697,5.607,5.735
C0023,L01,12.126,11.659,11.471,12.486,10.878,11.344,11.488,11.553,5.432,5.226,5.477,5.628
C0024,L01,12.286,12.583,12.15,12.674,9.074,9.554,9.236,9.616,5.553,5.675,5.514,5.365
C0025,L01,12.098,12.25,11.972,12.03,9.261,9.998,10.013,9.851,5.391,5.62,5.426,5.427
C0026,L01,12.223,12.527,12.303,12.387,9.31,9.066,9.228,9.413,5.225,5.392,5.414,5.249
C0027,L01,11.443,11.83,11.632,11.483,9.174,9.306,9.759,9.66,5.648,5.463,5.591,5.572
C0028,L01,11.46,11.285,11.215,11.452,9.941,10.09,10.627,10.397,5.458,5.639,5.604,5.662
C0029,L01,12.095,12.376,12.57,12.023,7.893,7.649,7.654,8.008,5.659,5.573,5.535,5.643
C0030,L01,12.466,12.489,12.452,11.986,10.131,10.415,10.46,10.533,5.37,5.588,5.531,5.454
C0031,L01,13.79,13.696,14.289,14.003,9.628,9.627,9.453,9.723,5.588,5.505,5.551,5.534
C0032,L01,12.01,11.946,11.935,12.401,9.67,9.932,10.009,10.022,5.384,5.548,5.561,5.664
C0033,L01,12.676,13.039,13.356,13.297,8.875,8.947,9.253,9.162,5.399,5.482,5.709,5.424
C0034,L01,10.652,10.699,10.733,11.04,7.62,7.303,7.53,7.508,5.554,5.607,5.383,5.63
C0035,L01,12.198,12.438,12.76,13.557,10.234,10.045,10.129,10.449,5.503,5.549,5.573,5.316
C0036,L01,12.317,12.756,12.918,12.755,9.943,9.966,10.158,10.25,5.394,5.194,5.202,5.417
C0037,L01,12.026,12.203,12.546,12.087,8.567,8.788,8.581,8.245,5.252,5.274,5.331,5.297
C0038,L01,12.739,13.19,12.804,13.357,9.778,9.447,10.093,9.688,5.243,5.286,5.423,5.444
C0039,L01,12.011,12.232,12.232,12.5,7.847,8.076,8.065,8.162,5.753,5.688,5.736,5.732
C0040,L01,12.935,12.768,13.08,12.7,9.495,9.492,9.791,9.766,5.59,5.679,5.324,5.703
C0041,L01,9.611,9.662,9.411,9.517,10.898,10.518,10.73,11.027,5.501,5.515,5.377,5.503
C0042,L01,11.66,11.732,11.982,12.125,9.658,10.151,9.946,9.773,5.378,5.583,5.655,5.619
C0043,L01,12.741,12.652,12.709,13.087,10.788,10.648,10.976,11.136,5.603,5.515,5.454,5.493
C0044,L01,12.745,12.955,12.865,13.212,9.964,9.647,9.505,9.65,5.357,5.359,5.475,5.449
C0045,L01,12.579,12.034,12.667,12.26,9.624,9.746,9.691,9.595,5.552,5.669,5.508,5.664
C0046,L01,12.938,12.958,12.933,12.748,8.848,8.657,9.007,8.738,5.744,5.334,5.661,5.519
C0047,L01,12.607,12.585,13.178,12.743,10.239,10.111,10.544,10.787,5.368,5.473,5.335,5.414
C0048,L01,13.055,12.384,13.14,12.909,9.297,9.41,9.459,9.313,5.299,5.276,5.355,5.444
C0049,L01,12.629,12.817,12.688,12.851,10.46,10.596,10.776,10.488,5.487,5.727,5.683,5.757
C0050,L01,11.938,12.098,12.203,12.494,8.947,9.311,9.37,9.271,5.443,5.675,5.482,5.47
C0051,L01,10.604,10.59,11.147,10.844,10.376,10.454,10.622,11.033,5.186,5.248,5.324,5.303
C0052,L01,12.159,12.112,12.523,12.419,8.997,9.085,9.509,8.828,5.304,5.321,5.195,5.253
C0053,L01,11.982,11.667,11.958,11.852,7.806,8.027,7.888,8.057,5.561,5.379,5.634,5.455
C0054,L01,12.309,12.702,13.055,13.173,9.481,9.379,9.763,10.05,5.608,5.89,5.607,5.579
C0055,L01,11.815,11.815,11.994,12.041,8.79,9.041,9.002,9.119,5.271,5.226,5.18,5.296
C0056,L01,13.504,13.402,13.686,13.286,9.681,10.022,10.193,10.018,5.384,5.416,5.303,5.394
C0057,L01,13.004,13.086,12.71,13.472,9.013,9.042,8.948,9.301,5.489,5.253,5.387,5.282
C0058,L01,11.726,12.291,11.965,12.385,9.388,9.579,9.731,9.639,5.637,5.754,5.76,5.561
C0059,L01,12.473,12.417,13.122,12.846,8.835,8.983,9.688,9.601,5.524,5.753,5.631,5.561
C0060,L01,11.368,12.039,12.329,11.785,8.73,8.969,8.664,9.177,5.305,5.479,5.74,5.294
C0061,L01,12.133,11.854,12.223,12.295,10.861,10.557,11.285,10.897,5.267,5.471,5.564,5.494
C0062,L01,11.196,10.719,11.044,11.53,9.96,9.8,9.991,10.444,5.522,5.53,5.434,5.381
C0063,L01,13.681,14.293,14.219,14.242,9.892,10.26,10.059,9.917,5.415,5.409,5.562,5.276
C0064,L01,12.922,12.646,13.446,13.473,10.289,10.258,9.924,10.272,5.558,5.582,5.728,5.706
C0065,L01,9.743,10.206,18.455,17.68,9.938,9.616,41.091,39.309,5.769,5.553,5.984,5.813
C0066,L01,11.905,12.316,12.354,12.495,9.314,9.924,9.35,9.943,5.901,5.769,5.776,5.672
C0067,L01,12.13,12.488,12.35,12.128,10.151,10.297,10.27,10.187,5.429,5.399,5.366,5.096
C0068,L01,11.132,11.514,11.319,12.044,9.723,9.676,9.475,9.462,5.451,5.43,5.649,5.48
C0069,L01,14.373,14.118,14.492,14.072,8.931,8.863,8.765,8.792,5.353,5.466,5.35,5.111
C0070,L01,12.56,11.814,12.233,12.8,9.76,9.916,10.166,9.896,5.632,5.621,5.539,5.608
C0071,L01,11.656,11.557,12.007,11.688,9.822,9.873,10.356,10.182,5.245,5.481,5.72,5.519
C0072,L01,12.464,11.891,12.162,12.699,8.806,8.637,8.925,8.703,5.426,5.6,5.625,5.478
C0073,L01,10.751,10.824,11.149,10.732,11.074,10.616,10.89,11.466,5.496,5.47,5.647,5.476
C0074,L01,11.012,11.06,10.742,10.964,8.715,8.927,9.02,9.329,5.544,5.612,5.517,5.484
C0075,L01,11.239,11.636,11.901,11.396,9.483,9.503,9.349,9.422,5.258,5.552,5.662,5.519
C0076,L01,12.567,12.284,12.233,13.12,8.419,8.487,8.807,8.74,5.576,5.577,5.741,5.451
C0077,L01,12.462,11.965,12.466,12.956,9.739,9.808,10.087,10.023,5.419,5.562,5.838,5.324
C0078,L01,12.575,12.538,12.854,13.001,9.097,9.978,9.924,10.118,5.38,5.369,5.411,5.5
C0079,L01,10.905,10.997,10.91,11.414,7.358,7.682,7.783,8.023,5.423,5.626,5.555,5.457
C0080,L01,12.115,11.659,12.357,12.233,11.171,11.674,11.645,11.247,5.554,5.455,5.535,5.372
C0081,L01,12.238,12.03,12.877,12.779,8.588,8.751,8.95,9.305,5.37,5.466,5.439,5.554
C0082,L01,11.477,11.739,11.654,12.077,8.735,9.24,9.208,9.392,5.54,5.727,5.471,5.551
C0083,L01,12.794,12.472,13.409,13.261,8.537,8.634,8.96,8.653,5.539,5.835,5.754,5.64
C0084,L01,11.523,11.611,11.717,11.772,9.143,9.46,9.108,9.35,5.366,5.578,5.486,5.292
C0085,L01,12.539,12.862,12.792,13.192,8.701,8.788,9.187,9.133,5.569,5.71,5.59,5.642
C0086,L01,11.7,11.539,12.23,12.081,11.214,12.035,12.217,12.549,5.507,5.506,5.802,6.472
C0087,L01,11.753,11.87,11.431,11.937,10.162,10.27,10.224,9.925,5.447,5.409,5.434,5.481
C0088,L01,12.416,12.654,12.299,12.961,9.58,9.122,9.247,9.72,5.447,5.58,5.624,5.578
C0089,L01,12.189,12.342,12.266,11.915,10.215,9.854,10.158,10.411,5.55,5.575,5.529,5.546
C0090,L01,11.789,12.034,12.423,12.713,7.936,8.329,8.206,8.35,5.597,5.545,5.664,5.646
C0091,L01,11.932,11.891,11.62,12.158,8.76,8.755,8.904,8.891,5.599,5.679,5.53,5.527
C0092,L01,10.907,11.563,11.922,11.867,8.409,8.2,8.432,8.118,5.55,5.361,5.603,5.659
C0093,L01,11.121,11.635,11.668,11.47,9.531,9.715,10.155,10.098,5.357,5.499,5.526,5.463
C0094,L01,12.641,12.747,11.999,13.088,7.254,7.12,7.034,7.112,5.738,5.609,5.487,5.557
C0095,L01,11.618,11.194,11.701,11.652,10.705,10.426,10.276,10.403,5.421,5.283,5.187,5.385
C0096,L01,10.678,10.768,11.521,11.125,9.459,9.67,9.493,9.887,5.303,5.392,5.317,5.36
C0097,L01,12.139,12.172,12.225,12.18,9.937,10.112,10.568,9.985,5.607,5.763,5.647,5.614
C0098,L01,11.599,12.423,16.462,26.516,8.889,9.395,12.834,21.526,5.483,5.859,5.935,6.92
C0099,L01,12.161,12.929,12.81,12.605,10.033,10.785,10.726,10.636,5.67,5.608,5.763,5.756
C0100,L01,12.237,12.28,12.097,12.101,9.865,9.752,10.135,9.788,5.584,5.661,5.539,5.706
C0101,L01,11.679,11.744,12.217,11.639,8.473,8.504,8.52,8.336,5.712,5.908,5.638,5.665
C0102,L01,11.691,11.628,11.617,12.399,9.545,9.677,10.051,9.9,5.519,5.409,5.357,5.552
C0103,L01,12.249,14.276,22.521,31.166,9.889,18.069,42.213,66.188,5.498,5.49,5.69,5.722
C0104,L01,12.563,12.461,13.56,13.29,8.236,8.128,8.178,8.522,5.406,5.432,5.453,5.501
C0105,L01,12.276,12.496,12.706,12.794,9.989,9.932,10.273,10.303,5.462,5.582,5.675,5.574
C0106,L01,13.995,13.803,14.101,14.324,10.289,10.125,10.231,10.905,5.465,5.444,5.663,5.522
C0107,L01,12.468,12.197,12.306,12.684,9.692,10.094,9.96,10.051,5.463,5.473,5.56,5.735
C0108,L01,10.758,10.802,11.168,11.203,9.749,9.889,9.974,10.93,5.332,5.602,6.035,7.225
C0109,L01,13.864,13.566,13.766,14.125,9.495,9.574,9.589,9.492,5.449,5.514,5.578,5.431
C0110,L01,12.006,11.889,12.375,12.479,10.191,10.531,10.754,10.798,5.437,5.349,5.448,5.355
C0111,L01,11.424,11.644,12.193,11.799,9.513,10.141,9.739,9.743,5.395,5.469,5.651,5.43
C0112,L01,11.285,11.176,11.154,11.406,9.164,9.467,9.791,9.252,5.649,5.646,5.749,5.691
C0113,L01,10.484,10.493,10.748,10.849,9.493,9.858,10.162,9.896,5.582,5.238,5.453,5.813
C0114,L01,12.086,11.845,12.172,11.995,9.88,10.3,10.197,9.731,5.681,5.512,5.707,5.686
C0115,L01,13.934,14.098,14.198,14.128,7.376,7.312,7.764,7.504,5.734,5.682,5.82,5.675
C0116,L01,12.485,12.798,13.467,12.88,9.937,9.85,9.557,10.196,5.272,5.372,5.189,5.126
C0117,L01,12.264,12.528,13.381,12.943,10.49,10.276,10.063,10.509,5.568,5.517,5.772,5.69
C0118,L01,12.662,12.871,12.722,12.522,9.742,9.918,10.069,9.611,5.736,5.632,5.608,5.447
C0119,L01,11.294,11.634,11.863,12.332,9.225,9.029,9.199,9.186,5.301,5.423,5.571,5.433
C0120,L01,11.265,11.138,10.89,11.551,8.007,8.048,8.291,8.372,5.379,5.545,5.484,5.382
C0121,L01,11.479,11.692,16.27,27.43,10.819,13.466,28.198,71.006,5.535,5.752,5.598,5.839
C0122,L01,12.874,13.23,14.026,13.208,10.193,10.192,10.143,10.167,5.515,5.549,5.621,5.455
C0123,L01,13.399,12.796,12.996,13.386,9.935,10.208,10.048,10.168,5.442,5.317,5.325,5.402
C0124,L01,10.967,11.18,11.312,11.434,10.397,10.42,10.6,10.815,5.567,5.343,5.603,5.667
C0125,L01,11.778,12.226,12.424,12.487,9.472,9.668,9.543,9.741,5.339,5.551,5.689,5.439
C0126,L01,10.851,10.796,10.856,11.058,9.943,10.197,10.155,10.323,5.651,5.496,5.571,5.499
C0127,L01,12.103,12.014,11.636,12.046,10.353,11.25,11.13,11.008,5.399,5.595,5.546,5.519
C0128,L01,12.558,12.202,12.172,12.785,9.955,9.922,10.304,10.183,5.665,5.264,5.519,5.285
C0129,L01,11.61,12.315,12.274,11.891,10.33,10.246,10.384,10.712,5.577,5.719,5.764,5.512
C0130,L01,12.699,13.122,13.091,13.113,9.5,10.006,10.132,9.696,5.643,5.666,5.739,5.64
C0131,L01,13.392,13.147,14.159,13.762,9.772,10.234,10.117,9.695,5.771,5.611,5.655,5.768
C0132,L01,11.493,11.81,11.42,11.374,9.94,9.725,10.077,10.249,5.787,5.531,5.541,5.794
C0133,L01,12.311,12.788,12.965,12.433,9.183,9.452,9.599,9.859,5.607,5.715,5.585,5.722
C0134,L01,11.898,12.569,12.298,12.779,9.445,8.918,8.897,9.528,5.344,5.446,5.326,5.413
C0135,L01,12.348,12.523,12.369,12.662,9.437,9.568,9.562,9.859,5.711,5.637,5.717,5.857
C0136,L01,12.681,12.936,12.651,12.986,8.906,8.616,8.955,9.251,5.179,5.287,5.263,5.452
C0137,L01,12.931,13.142,13.019,13.538,8.766,8.706,8.789,8.936,5.172,5.188,5.28,5.203
C0138,L01,11.376,11.494,11.659,11.909,8.804,8.371,8.831,8.734,5.439,5.666,5.335,5.348
C0139,L01,11.138,11.405,11.557,11.502,9.48,9.221,9.731,9.513,5.426,5.426,5.281,5.318
C0140,L01,12.643,12.467,13.114,13.428,8.555,8.728,8.894,8.662,5.415,5.27,5.264,5.147
C0141,L01,13.685,13.907,14.04,13.883,9.765,9.46,9.382,9.593,5.316,5.454,5.534,5.466
C0142,L01,12.25,12.243,12.445,12.984,9.222,9.595,9.617,9.625,5.4,5.452,5.602,5.596
C0143,L01,11.501,11.96,11.233,11.782,8.304,8.361,8.436,8.557,5.525,5.527,5.544,5.286
C0144,L01,12.157,12.563,12.741,13.307,11.388,10.701,11.192,11.213,5.377,5.459,5.439,5.548
C0145,L01,12.518,12.508,12.712,12.41,8.507,8.821,8.956,8.788,5.683,5.576,5.867,5.686
C0146,L01,12.068,12.032,12.71,12.401,11.406,11.898,12.253,11.938,5.486,5.446,5.36,5.586
C0147,L01,10.44,10.44,10.791,10.799,10.301,10.193,10.43,10.526,5.477,5.432,5.58,5.527
C0148,L01,11.426,12.033,11.953,11.767,9.726,10.296,10.097,10.158,5.505,5.383,5.593,5.484
C0149,L01,12.969,13.808,14.442,14.398,10.973,10.694,11.005,10.707,5.525,5.522,5.475,5.301
C0150,L01,12.175,12.343,12.447,12.044,7.548,7.314,7.311,7.681,5.605,5.632,5.686,5.846
C0151,L02,11.281,11.58,11.373,12.135,9.843,10.212,10.218,10.29,5.515,5.404,5.489,5.44
C0152,L02,13.454,13.125,13.424,13.055,10.364,10.196,10.586,10.479,5.999,5.679,5.66,5.613
C0153,L02,12.985,13.564,13.648,14.064,9.043,8.847,9.527,9.314,5.587,5.596,5.679,5.784
C0154,L02,11.313,11.252,10.832,11.054,11.491,11.758,11.985,12.215,5.424,5.39,5.473,5.28
C0155,L02,11.828,11.901,12.064,11.95,10.333,10.312,10.594,10.803,5.561,5.612,5.686,5.644
C0156,L02,10.809,10.805,10.764,10.951,9.959,10.34,10.255,10.755,5.565,5.601,5.633,5.82
C0157,L02,10.932,10.676,11.388,11.559,9.369,9.552,10.143,9.883,5.366,5.381,5.526,5.323
C0158,L02,11.056,11.229,10.969,11.375,9.543,10.177,9.993,10.601,5.552,5.705,5.745,5.621
C0159,L02,11.53,11.338,11.645,11.953,11.609,11.665,12.015,11.75,5.39,5.572,5.565,5.624
C0160,L02,11.976,11.96,12.249,12.025,10.582,10.865,10.897,10.972,5.536,5.491,5.665,5.435
C0161,L02,13.624,13.571,13.96,14.143,10.372,10.536,10.507,10.859,5.444,5.834,5.519,5.39
C0162,L02,11.108,11.218,11.399,11.147,10.569,10.582,10.632,11.156,5.626,5.721,5.452,5.753
C0163,L02,11.362,12.315,15.631,19.115,10.834,15.36,28.16,41.196,5.441,5.599,5.411,5.596
C0164,L02,12.034,12.565,12.353,12.749,10.879,10.941,11.232,10.927,5.628,5.445,5.685,5.627
C0165,L02,11.034,10.919,11.218,10.987,9.079,8.966,8.963,9.135,5.563,5.788,5.505,5.726
C0166,L02,11.379,11.43,11.653,11.235,11.405,11.489,11.66,11.662,5.547,5.477,5.59,5.462
C0167,L02,10.424,10.708,10.686,11.241,9.708,9.56,9.961,10.253,5.189,5.497,5.481,5.429
C0168,L02,12.169,12.229,11.998,12.24,11.047,11.17,11.712,11.509,5.402,5.607,5.364,5.638
C0169,L02,11.141,11.328,11.262,11.534,10.02,10.036,10.124,10.295,5.712,5.731,5.991,5.707
C0170,L02,11.564,11.837,12.021,12.363,10.496,10.558,10.495,10.432,5.489,5.647,5.718,5.793
C0171,L02,12.236,12.24,12.242,12.4,10.04,10.452,10.693,10.664,5.399,5.348,5.504,5.632
C0172,L02,12.259,12.725,13.07,13.116,10.881,11.037,11.239,10.911,5.438,5.451,5.399,5.53
C0173,L02,11.479,11.254,11.63,11.238,10.506,10.564,10.617,10.383,5.38,5.323,5.467,5.372
C0174,L02,10.853,10.973,11.457,10.935,10.352,10.367,10.307,10.577,5.34,5.317,5.5,5.504
C0175,L02,10.444,10.837,11.175,11.312,9.526,9.703,10.277,10.528,5.354,5.382,5.637,5.586
C0176,L02,10.732,11.02,10.999,11.286,10.646,10.318,11.266,10.788,5.797,5.687,5.433,5.775
C0177,L02,10.947,11.468,11.362,11.584,10.585,10.35,10.579,10.554,5.62,5.787,5.627,5.688
C0178,L02,10.783,10.656,10.994,10.553,10.566,10.855,10.819,10.523,5.452,5.628,5.559,5.209
C0179,L02,12.062,12.528,13.109,13.038,8.928,9.394,9.809,9.641,5.597,5.645,5.614,5.642
C0180,L02,11.994,12.043,11.985,12.101,10.476,10.282,10.654,10.717,5.493,5.676,5.616,5.418
C0181,L02,11.538,11.856,12.125,11.817,10.708,11.141,11.073,10.954,5.596,5.677,5.535,5.625
C0182,L02,11.047,11.667,11.483,11.118,9.419,9.187,9.59,9.449,5.702,5.565,5.708,5.522
C0183,L02,11.555,11.812,11.834,11.796,11.577,12.044,11.946,11.903,5.765,5.636,5.647,5.719
C0184,L02,11.895,11.935,14.108,19.739,11.931,13.185,19.811,38.045,5.373,5.636,5.652,5.757
C0185,L02,10.565,10.947,13.035,18.85,9.46,10.549,16.777,33.359,5.547,5.544,5.452,5.907
C0186,L02,11.798,12.702,12.654,12.93,9.187,9.166,9.477,9.268,5.278,5.583,5.631,5.426
C0187,L02,11.785,11.667,11.755,12.265,10.374,10.334,11.027,10.971,5.552,5.624,5.637,5.516
C0188,L02,11.341,11.136,11.303,12.123,10.286,10.117,10.842,10.494,5.86,5.736,5.818,5.806
C0189,L02,11.842,12.488,11.991,12.269,10.341,10.612,10.674,10.419,5.354,5.568,5.615,5.622
C0190,L02,11.536,12.378,11.727,12.146,9.721,10.057,10.114,10.039,5.297,5.485,5.739,5.604
C0191,L02,11.499,11.759,12.556,12.097,9.626,9.684,10.049,9.918,5.52,5.445,5.46,5.548
C0192,L02,11.478,11.627,11.586,11.683,9.917,9.926,10.03,10.026,5.654,5.663,5.566,5.737
C0193,L02,11.691,11.821,11.781,12.184,12.807,12.786,12.934,13.514,5.297,5.395,5.302,5.562
C0194,L02,12.949,13.756,13.482,14.088,10.147,10.42,10.333,10.312,5.567,5.331,5.488,5.623
C0195,L02,11.662,12.09,12.228,12.172,11.093,11.022,11.616,11.704,5.563,5.725,5.674,5.471
C0196,L02,11.505,12.097,12.284,11.585,10.505,10.144,10.29,10.756,5.341,5.496,5.347,5.418
C0197,L02,11.866,12.121,12.49,12.921,8.214,8.374,8.539,8.745,5.44,5.466,5.873,6.809
C0198,L02,12.783,12.967,12.799,12.81,10.317,10.284,10.417,10.173,5.419,5.368,5.63,5.511
C0199,L02,11.791,11.938,11.803,12.166,10.683,10.323,11.041,11.742,5.708,5.564,5.505,5.622
C0200,L02,11.267,11.584,11.558,11.766,9.183,9.831,9.347,9.515,5.627,5.668,5.627,5.515
C0201,L02,10.847,11.291,11.047,11.403,9.242,9.699,9.638,9.857,5.354,5.425,5.455,5.408
C0202,L02,10.408,11.316,13.826,22.152,12.063,12.733,15.725,26.005,5.253,5.316,5.575,6.761
C0203,L02,12.789,12.654,13.34,13.368,9.953,10.044,10.063,9.948,5.719,5.717,5.481,5.484
C0204,L02,11.114,11.1,11.372,11.248,10.691,10.749,11.26,11.023,5.589,5.655,5.522,5.676
C0205,L02,10.105,10.063,10.845,10.379,9.674,10.024,10.524,10.234,5.599,5.522,5.434,5.463
C0206,L02,10.687,10.855,10.869,10.783,10.961,10.57,10.937,10.989,5.603,5.564,5.516,5.509
C0207,L02,10.397,10.368,10.813,11.01,9.461,9.705,9.775,10.076,5.443,5.41,5.361,5.531
C0208,L02,12.43,12.458,14.646,20.663,9.769,10.289,12.653,17.683,5.497,5.579,5.822,6.416
C0209,L02,10.348,10.387,10.533,10.83,10.025,10.289,10.661,10.71,5.705,5.472,5.412,5.473
C0210,L02,11.525,11.305,11.569,11.807,10.244,10.377,10.671,10.5,5.653,5.639,5.705,5.692
C0211,L02,11.932,12.243,11.991,12.045,10.395,10.671,10.833,10.421,5.503,5.686,5.407,5.454
C0212,L02,9.595,9.654,10.088,10.075,10.698,10.571,10.531,10.376,5.747,5.514,5.439,5.397
C0213,L02,12.042,14.131,20.366,27.168,10.486,12.216,15.577,21.173,5.772,5.802,6.441,6.745
C0214,L02,11.265,11.038,11.236,11.318,11.107,11.271,11.194,11.473,5.404,5.632,5.447,5.574
C0215,L02,11.28,11.815,11.653,11.405,11.41,10.835,10.834,11.271,5.554,5.338,5.177,5.324
C0216,L02,12.26,12.434,12.658,12.953,11.638,11.372,11.581,12.088,5.429,5.281,5.305,5.409
C0217,L02,11.959,11.987,12.006,11.992,10.059,9.679,10.1,10.557,5.816,5.556,5.61,5.613
C0218,L02,11.692,11.529,11.613,11.595,9.42,9.768,9.574,9.549,5.358,5.648,5.835,5.756
C0219,L02,11.492,11.659,11.483,11.619,10.64,10.766,11.269,11.286,5.555,5.794,5.693,6.007
C0220,L02,10.737,10.817,11.274,10.741,11.33,11.104,11.858,11.882,5.637,5.613,5.708,5.643
C0221,L02,10.721,11.007,11.057,11.143,11.153,10.864,10.95,11.19,5.446,5.162,5.478,5.523
C0222,L02,11.11,11.532,11.79,11.89,9.716,9.607,10.17,10.525,5.838,5.733,7.505,7.423
C0223,L02,12.636,12.352,12.406,12.945,9.797,9.982,9.921,9.727,5.457,5.511,5.451,5.412
C0224,L02,12.511,13.02,12.722,12.804,10.481,10.97,10.748,10.21,5.586,5.618,5.601,5.602
C0225,L02,11.665,12.714,11.955,12.195,9.0,9.183,9.595,9.528,5.814,5.479,5.79,5.735
C0226,L02,11.902,11.841,12.084,12.054,8.705,8.748,8.897,9.112,5.49,5.506,5.431,5.329
C0227,L02,11.293,11.42,11.882,11.627,10.115,10.271,10.349,10.368,5.35,5.295,5.315,5.413
C0228,L02,10.163,10.855,10.789,10.171,9.07,8.998,9.731,9.463,5.679,5.563,5.584,5.687
C0229,L02,10.385,10.768,10.484,10.58,9.462,9.461,9.496,9.489,5.464,5.719,5.55,5.703
C0230,L02,11.089,10.839,11.712,11.407,11.004,10.932,11.523,11.351,5.715,5.685,5.458,5.545
C0231,L02,10.815,10.604,11.05,10.815,10.483,10.504,10.899,10.699,5.345,5.404,5.562,5.292
C0232,L02,11.466,11.273,11.732,11.671,11.407,11.642,11.544,12.009,5.541,5.597,5.585,5.68
C0233,L02,11.587,14.073,20.152,25.984,10.216,18.961,48.795,76.37,5.413,5.601,5.687,5.783
C0234,L02,11.492,11.581,11.599,12.204,9.481,9.988,9.623,9.701,5.288,5.395,5.226,5.492
C0235,L02,11.366,10.893,11.452,11.14,11.516,11.677,12.244,12.094,5.444,5.549,5.663,5.652
C0236,L02,10.964,11.219,11.681,11.619,10.231,10.566,10.85,10.715,5.737,5.921,5.561,5.737
C0237,L02,11.791,11.544,12.089,12.213,10.439,10.812,10.763,10.197,5.59,5.806,5.629,5.632
C0238,L02,12.096,11.979,12.258,12.415,9.233,9.541,9.594,9.782,5.578,5.63,5.61,5.549
C0239,L02,12.862,13.132,14.869,19.557,10.181,10.406,12.332,16.118,5.406,5.583,5.913,6.474
C0240,L02,11.81,11.943,11.802,12.012,11.571,11.589,11.817,12.038,5.415,5.686,5.429,5.512
C0241,L02,11.438,11.562,11.845,12.455,8.515,8.226,8.028,8.226,5.757,5.607,5.52,5.673
C0242,L02,10.601,10.717,10.969,10.938,10.008,10.522,10.74,10.74,5.814,5.719,5.727,5.64
C0243,L02,11.467,11.461,11.419,11.908,10.805,10.848,10.806,11.052,5.299,5.443,5.554,5.418
C0244,L02,13.548,13.581,14.107,13.459,8.376,8.38,8.502,8.71,5.483,5.476,5.796,5.631
C0245,L02,10.896,10.971,10.966,10.954,10.482,10.399,10.513,10.337,5.611,5.531,5.676,5.561
C0246,L02,11.579,12.181,12.437,12.445,10.596,10.985,11.094,10.918,5.602,5.861,5.784,5.647
C0247,L02,11.026,11.573,11.947,11.925,10.556,10.537,11.036,10.953,5.776,5.288,5.505,5.551
C0248,L02,11.109,11.058,11.203,11.297,10.292,10.483,10.731,10.354,5.523,5.46,5.494,5.285
C0249,L02,12.74,13.018,12.69,12.847,10.631,11.107,11.303,11.202,5.273,5.622,5.486,5.179
C0250,L02,11.181,11.53,11.36,11.31,10.286,10.719,10.428,10.72,5.406,5.559,5.785,5.631
C0251,L02,10.432,10.268,10.533,10.119,10.614,10.75,11.037,11.208,5.492,5.408,5.793,5.51
C0252,L02,11.092,11.098,11.334,11.374,10.961,10.563,10.761,10.357,5.654,5.436,5.594,5.442
C0253,L02,11.444,10.834,11.105,11.003,9.204,9.442,9.294,9.516,5.7,5.575,5.529,5.578
C0254,L02,11.645,11.728,11.61,11.851,10.564,9.883,10.33,10.671,5.326,5.366,5.228,5.467
C0255,L02,11.72,12.084,12.036,12.233,11.923,12.381,12.175,12.265,5.531,5.5,5.506,5.332
C0256,L02,10.957,11.152,11.484,11.355,10.57,11.015,11.104,10.724,5.33,5.42,5.506,5.579
C0257,L02,11.194,11.797,11.929,12.01,12.364,12.101,12.444,12.62,5.498,5.351,5.616,5.5
C0258,L02,10.337,10.581,10.45,10.739,10.275,10.876,10.984,10.824,5.789,5.619,5.94,5.808
C0259,L02,11.261,10.914,11.577,11.237,10.67,10.653,10.908,11.397,5.696,5.806,5.853,5.633
C0260,L02,11.887,11.954,14.293,23.413,9.714,10.095,12.974,21.202,5.537,5.533,5.688,6.807
C0261,L02,9.465,9.695,9.893,10.039,9.863,9.598,10.485,9.858,5.623,5.547,5.71,5.446
C0262,L02,11.269,11.616,11.902,11.611,10.871,11.122,11.27,11.226,5.415,5.418,5.664,5.529
C0263,L02,11.38,11.485,12.424,12.168,9.966,9.899,10.423,10.113,5.548,5.626,5.388,5.676
C0264,L02,10.923,11.759,11.882,12.045,10.069,10.658,10.533,10.4,5.331,5.47,5.245,5.214
C0265,L02,12.153,12.568,13.052,12.965,10.387,10.687,10.873,10.876,5.506,5.396,5.613,5.42
C0266,L02,11.4,10.936,11.772,11.452,11.423,11.973,11.604,12.001,5.557,5.654,5.498,5.469
C0267,L02,10.981,11.3,11.596,11.128,10.204,9.921,10.035,9.696,5.517,5.675,5.828,5.469
C0268,L02,11.111,11.07,10.926,10.997,9.663,9.808,10.155,10.047,5.607,5.71,5.606,5.634
C0269,L02,11.479,11.459,11.216,11.507,10.655,10.536,10.849,10.652,5.556,5.562,5.418,5.513
C0270,L02,11.35,11.239,11.657,11.56,8.199,7.822,8.209,8.48,5.318,5.648,5.474,5.492
C0271,L02,12.183,12.385,12.883,12.659,8.397,9.02,8.889,8.732,5.347,5.583,5.722,5.558
C0272,L02,11.187,11.977,11.599,12.179,11.425,11.478,11.693,11.721,5.904,5.957,5.893,5.909
C0273,L02,10.86,10.931,11.141,11.375,10.936,11.176,11.422,11.579,5.362,5.317,5.482,5.349
C0274,L02,10.492,10.957,11.171,10.927,9.91,10.01,10.58,10.566,5.39,5.776,5.685,5.76
C0275,L02,11.67,11.94,11.945,12.28,9.468,9.056,9.234,9.146,5.562,5.685,5.522,5.691
C0276,L02,12.068,12.981,12.676,12.562,9.964,10.115,10.206,10.109,5.272,5.255,5.457,5.492
C0277,L02,12.219,11.987,12.397,12.106,8.616,9.008,9.204,8.937,5.404,5.632,5.576,5.582
C0278,L02,12.926,12.64,13.231,13.102,10.57,11.011,11.305,11.056,5.71,5.467,5.63,5.393
C0279,L02,11.531,11.396,11.574,12.056,11.823,11.606,11.735,12.199,5.508,5.686,5.62,5.64
C0280,L02,12.531,11.878,12.629,12.804,8.992,9.222,9.625,9.731,5.516,5.508,5.524,5.518
C0281,L02,12.362,13.0,13.265,13.186,11.406,11.507,11.178,11.68,5.628,5.532,5.482,5.426
C0282,L02,11.479,11.821,12.244,11.631,10.342,10.354,10.615,11.033,5.729,5.458,5.734,5.538
C0283,L02,12.773,12.832,12.904,13.153,11.095,11.219,11.659,11.76,5.513,5.646,5.614,5.354
C0284,L02,11.227,11.732,11.155,11.143,9.848,9.918,10.215,9.672,5.76,5.535,5.698,5.728
C0285,L02,12.271,12.06,12.543,12.639,11.704,11.901,11.336,11.907,5.515,5.767,5.536,5.656
C0286,L02,11.298,11.42,11.797,12.071,12.402,12.122,12.74,12.28,5.462,5.513,5.541,5.491
C0287,L02,10.542,10.929,10.708,10.566,10.423,10.49,10.548,11.176,5.493,5.236,5.587,5.519
C0288,L02,12.048,11.967,12.39,12.242,11.143,11.037,11.351,11.135,5.45,5.532,5.4,5.424
C0289,L02,11.671,12.217,12.136,12.335,11.783,12.19,11.776,11.768,5.208,5.451,5.426,5.575
C0290,L02,11.849,11.977,11.757,11.864,8.436,8.633,8.537,8.636,5.455,5.462,5.433,5.268
C0291,L02,10.953,11.155,11.596,11.499,9.718,9.553,10.039,9.888,5.412,5.374,5.409,5.34
C0292,L02,11.928,12.09,11.888,12.001,8.368,8.698,8.882,8.965,5.592,5.606,5.54,5.473
C0293,L02,10.743,11.029,10.95,11.108,10.659,10.543,10.535,11.227,5.667,5.742,5.907,6.009
C0294,L02,10.676,10.921,10.804,10.581,10.918,11.17,11.179,11.156,5.715,5.84,5.564,5.626
C0295,L02,11.759,11.629,11.573,11.864,10.643,10.792,10.953,10.9,5.429,5.661,5.637,5.563
C0296,L02,11.678,12.743,18.464,34.19,11.51,14.419,32.419,84.007,5.814,5.571,5.679,5.534
C0297,L02,11.225,10.295,11.655,12.008,8.269,9.047,9.058,8.685,5.635,5.673,5.578,5.42
C0298,L02,12.215,11.643,12.006,12.247,9.162,8.919,9.456,9.462,5.271,5.456,5.506,5.527
C0299,L02,11.667,11.922,12.272,12.061,10.544,10.895,10.803,11.051,5.512,5.5,5.385,5.615
C0300,L02,11.504,12.219,11.886,11.828,9.884,9.899,9.816,9.545,5.715,5.92,5.843,6.024
C0301,L03,14.207,14.35,14.329,14.796,10.648,10.593,11.426,10.822,5.232,5.416,5.159,5.073
C0302,L03,12.403,12.481,12.335,13.001,10.874,10.846,10.995,10.898,5.431,5.154,5.202,5.288
C0303,L03,12.351,12.684,12.889,12.437,10.253,10.434,9.761,11.015,5.534,5.299,5.361,5.297
C0304,L03,13.635,14.055,14.072,13.95,11.066,11.214,11.499,11.844,5.046,5.09,5.171,5.223
C0305,L03,13.431,13.636,14.448,14.447,10.349,10.006,10.413,10.84,5.334,5.248,5.159,5.384
C0306,L03,13.098,13.06,13.444,13.383,9.369,9.534,9.801,9.842,5.198,5.281,5.284,5.212
C0307,L03,11.335,11.064,11.785,11.943,12.011,11.976,12.45,12.494,4.979,5.288,5.123,5.203
C0308,L03,11.246,11.399,11.643,11.905,11.0,10.951,11.013,11.303,5.226,5.302,5.378,5.497
C0309,L03,12.677,12.816,13.056,12.553,10.143,10.513,10.978,10.829,5.75,5.511,5.507,5.368
C0310,L03,13.021,13.644,13.772,13.814,9.795,10.057,10.349,10.153,5.452,5.58,5.693,5.73
C0311,L03,13.401,14.392,17.694,27.469,10.028,11.548,20.278,45.657,5.319,5.401,5.467,5.392
C0312,L03,12.929,12.996,13.102,13.174,10.413,10.919,11.272,10.474,5.126,5.235,5.212,5.171
C0313,L03,12.698,12.855,12.591,12.742,9.238,9.418,9.115,9.229,5.47,5.146,5.433,5.248
C0314,L03,12.549,13.588,13.266,13.992,9.751,10.191,9.884,10.476,5.393,5.224,5.438,5.368
C0315,L03,11.804,12.252,12.156,12.142,10.197,10.035,10.091,10.098,5.133,5.372,5.201,5.299
C0316,L03,10.495,10.548,10.863,10.768,8.424,8.436,8.472,8.429,5.314,5.159,5.348,5.324
C0317,L03,12.232,13.305,13.109,13.06,9.62,10.199,10.37,10.271,5.284,5.027,5.303,5.178
C0318,L03,12.261,12.508,12.108,12.59,10.345,9.8,10.439,10.739,5.388,5.362,5.412,5.509
C0319,L03,12.271,11.897,11.789,11.849,10.914,10.715,11.161,10.988,5.068,5.406,5.2,5.281
C0320,L03,11.914,12.316,12.039,11.988,10.56,10.414,10.641,10.708,5.036,5.016,5.244,5.195
C0321,L03,12.938,12.232,13.006,12.142,9.511,9.266,9.315,9.271,5.545,5.288,5.401,5.243
C0322,L03,12.232,12.469,12.61,12.199,10.835,10.856,11.038,11.599,5.274,5.571,5.463,5.251
C0323,L03,12.201,12.105,12.547,12.848,8.95,9.017,9.548,9.391,5.338,5.221,5.473,5.445
C0324,L03,13.285,13.492,13.864,13.272,10.467,10.348,10.918,11.311,5.659,5.451,5.574,5.425
C0325,L03,11.492,12.392,12.058,12.059,9.468,9.617,9.041,9.321,5.19,5.105,5.194,5.142
C0326,L03,13.748,12.99,13.925,14.595,11.1,10.95,11.676,11.366,4.918,5.084,5.213,5.301
C0327,L03,11.148,10.703,11.21,11.215,11.445,11.788,11.429,11.733,5.31,5.287,5.163,5.259
C0328,L03,13.513,13.522,13.699,13.31,11.469,11.183,11.302,11.76,5.456,5.352,5.396,5.329
C0329,L03,12.957,13.215,13.771,13.826,9.728,10.021,10.465,10.971,5.234,5.471,6.002,6.685
C0330,L03,11.966,12.015,12.662,12.812,11.003,11.601,11.366,11.285,5.284,5.38,5.472,5.253
C0331,L03,12.134,12.318,12.695,12.528,9.355,9.754,10.03,9.833,5.035,5.314,5.598,5.262
C0332,L03,12.684,12.671,12.094,12.846,11.896,12.389,12.202,12.894,5.08,5.121,5.344,5.204
C0333,L03,11.506,11.73,12.168,12.413,9.508,9.74,9.77,10.245,5.452,5.634,5.341,5.565
C0334,L03,13.421,13.881,14.13,13.64,9.858,9.471,9.787,9.886,5.484,5.213,5.193,5.349
C0335,L03,12.587,12.66,12.513,12.629,8.381,8.929,8.851,8.843,5.097,5.088,5.329,5.246
C0336,L03,12.196,12.432,12.337,13.125,9.594,9.928,10.115,10.259,5.372,5.165,5.212,5.158
C0337,L03,11.868,12.061,12.954,12.785,11.842,11.756,12.091,11.671,5.335,5.309,5.269,5.447
C0338,L03,11.976,11.976,11.461,11.745,10.147,10.622,10.682,11.138,5.11,5.146,5.347,5.39
C0339,L03,11.335,11.731,12.139,11.884,9.769,10.313,10.069,9.88,5.13,5.383,5.232,5.447
C0340,L03,11.64,12.989,16.355,26.344,10.521,12.709,21.472,46.233,5.326,5.323,5.43,5.513
C0341,L03,12.993,13.47,13.457,13.788,11.386,12.019,12.227,12.514,5.166,5.296,5.558,6.139
C0342,L03,13.292,13.145,13.675,13.569,9.127,9.686,9.635,9.543,5.189,5.12,5.225,5.317
C0343,L03,10.752,10.848,10.876,10.985,11.363,11.612,11.815,11.697,5.145,5.085,5.211,5.232
C0344,L03,11.093,11.11,11.66,11.488,11.44,11.512,11.995,11.721,5.323,5.219,5.225,5.344
C0345,L03,11.909,12.034,12.171,12.515,10.431,10.633,10.729,10.703,5.426,5.534,5.159,5.386
C0346,L03,12.523,11.946,12.886,12.306,9.119,8.973,9.503,9.545,5.376,5.385,5.581,5.096
C0347,L03,11.405,11.713,11.907,11.829,10.103,10.177,10.405,10.489,5.04,5.224,5.169,5.233
C0348,L03,11.329,11.555,12.162,12.263,9.157,9.358,9.031,9.093,5.273,5.342,5.374,5.316
C0349,L03,12.166,12.088,12.469,12.62,11.766,11.486,11.703,11.831,5.387,5.353,5.237,5.339
C0350,L03,12.497,12.709,13.355,13.788,8.09,8.439,8.532,9.012,5.251,5.282,6.348,8.362
C0351,L03,11.964,11.896,11.987,12.006,10.279,10.185,10.611,10.595,5.314,5.318,5.316,5.236
C0352,L03,11.806,12.033,11.953,12.202,9.472,9.276,9.273,9.244,5.271,5.303,5.458,5.155
C0353,L03,13.079,14.037,14.194,14.426,9.739,9.701,10.017,10.207,5.35,5.083,5.141,5.116
C0354,L03,12.923,12.575,12.877,13.22,10.044,9.714,10.295,10.382,5.114,5.318,5.214,5.156
C0355,L03,12.074,12.49,12.209,12.88,8.845,9.161,9.258,9.341,5.481,5.323,5.405,5.306
C0356,L03,11.69,13.719,22.114,30.865,11.107,16.824,38.545,57.522,5.451,5.459,5.434,5.743
C0357,L03,13.129,12.91,13.075,13.059,11.623,11.494,11.572,11.462,5.299,5.422,5.345,5.278
C0358,L03,12.938,12.82,12.797,13.624,11.26,11.421,12.015,11.67,5.198,5.4,5.089,5.295
C0359,L03,13.832,13.716,14.549,14.08,10.334,10.318,10.167,9.965,5.311,5.247,5.38,5.295
C0360,L03,11.816,12.136,12.077,12.332,11.74,11.386,12.262,11.831,5.446,5.461,5.352,5.522
C0361,L03,11.713,12.032,12.041,12.227,9.239,9.228,9.458,9.536,5.1,5.457,5.335,5.256
C0362,L03,12.561,13.185,12.998,13.326,10.031,10.478,10.582,10.708,5.204,5.412,5.161,5.327
C0363,L03,12.48,12.359,11.92,11.863,11.547,11.274,11.195,11.459,5.444,5.513,5.336,5.287
C0364,L03,11.425,11.505,11.921,11.738,10.44,10.253,10.596,10.339,5.335,5.168,5.217,5.271
C0365,L03,12.401,12.717,12.508,12.573,10.019,10.32,10.674,10.287,5.328,5.225,5.153,5.254
C0366,L03,11.14,11.307,11.981,11.526,10.635,10.337,10.672,10.708,5.449,5.601,5.778,5.365
C0367,L03,11.645,11.772,11.691,12.389,9.137,9.027,8.972,8.939,5.267,5.104,5.347,5.276
C0368,L03,12.327,14.929,22.675,30.253,9.496,11.265,17.036,22.874,5.532,5.73,6.151,6.628
C0369,L03,12.133,12.488,12.324,12.508,8.16,8.395,8.741,8.598,5.681,5.545,5.458,5.592
C0370,L03,11.833,11.171,11.884,11.922,12.066,11.619,11.731,11.573,5.04,5.241,5.109,5.056
C0371,L03,11.91,12.115,12.463,12.615,9.863,10.009,9.718,9.86,5.114,5.275,5.046,5.052
C0372,L03,11.973,15.121,18.394,19.184,9.41,12.865,16.389,17.399,5.361,5.558,5.661,5.648
C0373,L03,13.172,12.883,12.927,12.963,8.969,9.427,9.131,9.443,5.608,5.348,5.413,5.461
C0374,L03,13.164,13.18,13.708,13.439,11.264,12.451,11.903,12.467,5.199,5.35,5.273,5.472
C0375,L03,12.144,12.832,13.19,13.21,10.886,11.23,10.601,11.28,5.269,5.369,5.358,5.238
C0376,L03,12.995,12.998,13.24,13.706,9.726,10.302,10.118,10.327,5.395,5.387,5.454,5.549
C0377,L03,11.616,11.47,11.668,11.855,10.494,10.292,10.881,10.971,5.277,5.314,5.179,5.264
C0378,L03,11.36,11.078,11.725,11.686,10.348,10.444,10.623,10.782,5.24,5.256,5.571,5.226
C0379,L03,12.055,11.853,12.734,12.394,10.738,11.286,11.202,11.336,5.38,5.451,5.348,5.529
C0380,L03,13.065,13.172,12.997,13.365,10.347,10.371,10.655,10.671,5.476,5.277,5.291,5.265
C0381,L03,12.338,12.288,12.4,12.655,10.227,10.163,10.44,10.471,5.409,5.243,5.289,5.297
C0382,L03,11.411,12.961,18.468,34.983,9.418,11.348,22.992,54.928,5.111,5.209,5.252,5.339
C0383,L03,12.262,12.235,12.363,12.713,10.161,10.09,10.325,10.201,5.055,5.251,5.11,5.307
C0384,L03,11.845,12.109,12.595,12.861,11.866,11.493,11.98,11.55,5.194,5.366,5.18,5.366
C0385,L03,12.788,13.026,13.049,13.326,10.522,10.125,10.692,10.224,5.396,5.244,5.364,5.355
C0386,L03,12.413,12.222,12.446,12.533,8.737,8.913,9.558,9.158,5.093,5.156,5.349,5.229
C0387,L03,11.12,11.687,11.382,11.82,11.489,11.709,11.538,11.839,5.251,5.261,5.282,5.205
C0388,L03,11.945,11.964,12.311,11.835,9.346,9.908,9.721,9.789,5.091,5.209,5.141,5.214
C0389,L03,10.775,10.712,10.915,10.96,10.422,10.98,10.877,11.446,5.214,5.385,5.443,5.162
C0390,L03,11.713,12.251,12.159,12.254,10.82,10.521,10.774,10.813,5.184,5.429,5.456,5.326
C0391,L03,12.142,12.757,12.6,12.687,9.717,9.873,9.956,10.194,5.486,5.488,5.287,5.346
C0392,L03,11.759,13.178,17.338,21.204,9.665,13.753,27.281,40.15,5.11,5.072,5.257,5.136
C0393,L03,12.604,12.331,12.731,12.835,11.142,12.051,11.437,11.091,5.233,5.294,5.116,5.163
C0394,L03,12.708,13.055,13.003,13.15,9.051,9.274,9.347,9.389,5.083,5.109,5.248,5.07
C0395,L03,13.572,13.294,13.225,14.211,10.428,10.09,10.29,10.521,5.264,5.182,5.301,5.293
C0396,L03,12.1,12.6,12.076,12.397,10.253,10.385,10.719,10.869,5.169,5.277,5.328,5.243
C0397,L03,13.196,13.176,13.416,13.204,9.711,9.52,9.939,9.486,5.196,5.232,4.92,5.199
C0398,L03,12.862,12.708,12.92,12.677,9.567,9.778,10.386,10.053,5.103,5.399,5.08,5.254
C0399,L03,12.148,12.0,12.441,12.509,9.244,9.653,9.798,10.008,5.237,5.312,5.122,5.007
C0400,L03,12.769,12.655,13.377,12.931,10.798,10.494,10.593,10.462,5.482,5.782,5.493,5.319
C0401,L03,12.126,12.209,12.284,12.119,11.334,11.683,11.793,11.8,5.413,5.431,5.381,5.344
C0402,L03,13.609,13.731,13.613,13.606,9.527,9.767,10.067,10.303,5.396,5.27,5.381,5.332
C0403,L03,12.22,12.674,12.504,12.832,10.47,11.233,11.068,11.386,5.371,5.073,5.299,5.195
C0404,L03,11.743,12.171,12.074,12.293,10.525,11.149,11.124,11.054,5.223,5.554,5.366,5.363
C0405,L03,11.941,11.851,12.29,12.86,11.067,11.032,10.951,11.015,5.304,5.343,5.14,5.302
C0406,L03,11.695,12.206,12.403,12.833,10.197,10.133,10.485,10.426,5.272,5.414,5.504,5.138
C0407,L03,12.884,12.704,13.276,13.744,9.935,9.939,10.247,10.389,5.389,5.234,5.217,5.255
C0408,L03,12.983,13.537,14.046,13.579,10.961,11.246,11.15,11.458,5.125,5.181,5.277,5.212
C0409,L03,10.651,11.123,11.301,11.282,9.374,9.346,9.85,9.909,5.496,5.323,5.457,5.335
C0410,L03,12.128,12.257,12.181,12.728,8.994,9.131,9.535,9.651,5.075,5.338,5.328,5.203
C0411,L03,11.371,11.525,11.022,11.452,11.746,11.661,11.409,11.638,5.154,5.42,5.168,5.387
C0412,L03,12.18,12.017,12.47,11.874,10.407,10.66,10.65,10.257,5.165,4.943,5.161,5.197
C0413,L03,12.212,12.164,12.011,12.588,9.418,9.672,9.506,9.652,5.111,5.252,5.083,5.118
C0414,L03,12.862,13.958,13.17,13.497,10.34,10.451,10.597,10.456,5.561,5.467,5.477,5.47
C0415,L03,11.127,11.589,11.199,11.386,9.21,9.613,9.883,9.723,5.212,5.0,5.176,5.15
C0416,L03,12.412,12.541,13.179,12.89,7.714,8.045,8.328,8.145,5.545,5.269,5.396,5.473
C0417,L03,12.121,12.902,13.156,12.762,10.295,10.407,11.162,11.009,4.995,5.234,5.187,5.367
C0418,L03,13.21,12.861,13.634,13.71,10.729,11.197,11.368,11.657,5.379,5.162,5.18,5.185
C0419,L03,12.089,12.136,12.09,12.531,10.012,10.177,10.252,10.423,5.4,5.265,5.444,5.304
C0420,L03,13.396,12.828,12.924,13.208,9.092,9.032,9.019,9.058,5.13,5.081,5.321,5.22
C0421,L03,14.181,16.737,25.577,35.454,10.028,12.868,19.048,25.457,5.023,5.295,5.916,6.699
C0422,L03,12.148,12.097,12.658,12.408,9.716,10.541,10.185,9.991,5.481,5.292,5.322,5.421
C0423,L03,12.785,13.101,13.382,13.306,10.103,10.048,10.035,10.402,5.116,5.164,5.109,4.983
C0424,L03,12.216,11.885,12.424,13.989,9.183,9.498,9.625,10.79,5.347,5.578,6.151,8.543
C0425,L03,11.66,12.515,15.215,22.04,10.374,11.388,17.181,33.586,5.141,5.169,5.487,5.217
C0426,L03,12.769,13.136,13.327,12.95,10.276,10.137,10.325,10.033,5.328,5.186,5.232,5.447
C0427,L03,13.204,12.774,13.613,12.9,10.503,10.925,11.126,11.159,5.348,5.333,5.371,5.339
C0428,L03,12.959,12.698,13.226,13.614,9.863,9.41,9.853,10.073,5.073,5.069,5.015,5.068
C0429,L03,12.449,12.702,12.715,13.266,11.236,11.268,12.011,11.908,5.349,5.196,5.388,5.471
C0430,L03,13.203,13.796,14.571,13.798,10.175,10.698,10.241,10.247,5.377,5.397,5.524,5.481
C0431,L03,13.016,13.85,13.154,13.048,9.012,9.025,9.223,9.586,5.27,5.554,5.416,5.237
C0432,L03,12.271,12.848,13.271,13.568,9.823,9.663,9.963,9.667,5.153,5.232,5.097,5.074
C0433,L03,13.713,13.805,13.785,13.396,9.195,9.343,9.775,9.814,5.205,5.325,5.242,5.298
C0434,L03,12.395,12.854,13.106,13.122,10.54,10.543,10.597,11.045,5.286,5.127,5.325,5.302
C0435,L03,11.666,12.287,12.904,12.706,9.799,10.056,10.092,10.113,5.286,5.113,5.183,5.242
C0436,L03,12.28,12.01,12.783,12.896,10.349,9.845,10.284,10.218,5.392,5.286,5.483,5.303
C0437,L03,12.231,12.578,12.766,12.272,10.769,10.505,10.45,10.74,5.173,5.169,5.263,5.102
C0438,L03,11.16,11.284,11.914,11.896,8.922,9.485,9.431,9.216,5.258,5.346,5.391,5.334
C0439,L03,12.478,17.963,24.086,25.211,10.341,21.496,31.983,33.486,5.313,5.264,5.363,5.333
C0440,L03,13.383,13.62,13.439,13.748,10.373,10.366,10.48,10.483,5.172,5.272,5.397,5.383
C0441,L03,12.996,12.924,13.263,13.747,10.628,10.791,11.243,11.747,5.288,5.574,5.982,6.686
C0442,L03,12.204,11.971,12.344,12.35,9.899,9.65,9.997,9.983,4.977,5.196,5.093,5.151
C0443,L03,11.619,11.339,11.549,11.848,10.909,10.626,10.701,10.536,5.016,5.139,5.076,5.127
C0444,L03,11.513,12.476,12.692,12.61,11.389,11.215,11.035,11.779,5.256,5.334,5.212,5.516
C0445,L03,10.99,10.976,11.524,11.443,10.613,10.324,10.458,11.359,5.398,5.465,5.608,5.459
C0446,L03,12.402,12.535,12.919,12.645,10.491,10.845,10.643,10.914,5.083,5.283,4.898,5.091
C0447,L03,13.392,13.641,13.746,14.169,10.386,10.449,10.763,10.621,5.249,5.381,5.217,5.425
C0448,L03,11.919,12.327,12.445,12.655,10.393,10.22,10.473,10.474,5.256,5.162,5.3,5.187
C0449,L03,13.203,13.175,13.544,13.868,10.064,10.196,10.69,10.633,5.204,5.269,5.333,5.394
C0450,L03,13.177,12.986,12.871,13.519,11.441,11.577,11.896,11.793,5.239,5.09,5.056,5.22
C0451,L04,12.866,12.878,13.073,13.132,10.695,10.51,10.61,10.587,5.577,5.416,5.454,5.34
C0452,L04,11.74,11.771,11.824,11.706,9.436,9.571,9.908,9.872,5.362,5.278,5.377,5.386
C0453,L04,10.611,10.726,11.369,11.45,9.685,9.947,9.975,10.413,5.797,5.511,5.607,5.621
C0454,L04,12.003,12.11,12.127,12.403,11.176,11.451,11.271,11.475,5.578,5.623,5.946,5.714
C0455,L04,12.77,12.762,13.276,13.443,8.926,8.821,8.865,9.168,5.706,5.553,5.6,5.719
C0456,L04,11.231,11.685,11.371,12.024,8.138,8.537,8.955,9.119,5.58,5.876,6.668,8.825
C0457,L04,11.759,11.78,12.051,12.0,9.453,9.641,9.692,9.646,5.542,5.609,5.763,5.513
C0458,L04,12.607,12.527,13.44,12.778,9.192,9.194,9.345,8.74,5.681,5.721,5.567,5.683
C0459,L04,10.575,10.571,10.971,11.378,9.55,10.041,9.901,10.137,5.612,5.512,5.709,5.809
C0460,L04,10.98,11.411,13.774,19.383,9.357,10.405,18.069,40.32,5.508,5.402,5.501,5.549
C0461,L04,11.846,12.307,14.989,21.101,9.336,10.19,11.515,14.66,5.388,5.583,5.7,6.11
C0462,L04,12.98,12.594,12.376,12.618,9.097,9.324,9.503,9.494,5.781,5.623,5.813,5.526
C0463,L04,10.752,10.694,12.418,17.03,9.726,10.262,12.684,17.765,5.633,5.671,5.704,5.977
C0464,L04,12.943,13.423,13.564,13.79,8.836,9.271,9.284,9.383,5.447,5.639,5.729,5.505
C0465,L04,11.836,11.601,11.838,12.02,7.98,8.028,7.833,7.939,5.482,5.67,5.541,5.607
C0466,L04,12.119,12.749,12.564,12.874,9.083,9.24,9.365,9.3,5.666,5.545,5.412,5.394
C0467,L04,10.031,10.45,10.588,10.597,9.356,9.93,10.227,10.519,5.707,5.572,5.936,5.88
C0468,L04,12.018,12.103,12.267,12.151,9.442,9.367,9.497,9.83,5.714,5.792,5.818,5.705
C0469,L04,12.884,13.344,12.975,13.13,8.343,8.809,8.868,8.78,5.422,5.582,5.653,5.381
C0470,L04,11.897,11.705,12.412,11.812,8.227,8.129,8.592,8.199,5.532,5.593,5.583,5.449
C0471,L04,10.074,10.138,10.141,9.854,8.896,9.085,9.681,9.481,5.478,5.4,5.335,5.689
C0472,L04,11.642,11.477,11.705,12.239,10.793,10.696,10.564,10.863,5.323,5.363,5.42,5.321
C0473,L04,12.985,12.637,12.738,13.396,9.247,8.973,9.454,9.468,5.849,5.7,5.631,5.976
C0474,L04,10.523,10.804,10.587,10.784,7.73,8.225,7.941,8.014,5.599,5.693,5.707,5.627
C0475,L04,10.833,11.019,11.07,10.796,9.988,10.125,10.184,10.553,5.366,5.583,5.531,5.242
C0476,L04,12.092,11.922,12.781,13.162,11.151,10.369,10.884,10.906,5.796,5.547,5.818,5.783
C0477,L04,10.52,10.307,10.132,10.373,9.53,10.305,10.267,10.038,5.402,5.572,5.403,5.548
C0478,L04,11.002,10.734,10.865,10.414,9.136,8.807,9.388,9.462,5.446,5.596,5.595,5.808
C0479,L04,9.86,9.671,9.961,9.498,8.349,8.468,8.425,8.686,5.728,5.497,5.392,5.19
C0480,L04,10.085,10.368,10.798,11.04,9.418,9.367,9.492,9.717,5.629,5.724,5.496,5.682
C0481,L04,11.108,11.09,11.792,11.625,10.826,10.28,11.06,10.605,5.632,5.38,5.466,5.538
C0482,L04,12.104,11.563,11.495,11.423,9.396,9.459,9.381,9.874,5.548,5.584,5.639,5.55
C0483,L04,12.4,12.495,12.785,12.036,8.394,9.061,9.322,9.069,5.454,5.463,5.451,5.448
C0484,L04,11.69,11.28,11.594,11.425,8.82,8.93,9.247,9.431,5.214,5.34,5.494,5.334
C0485,L04,11.248,11.925,13.809,19.682,9.928,11.016,16.803,32.414,5.38,5.187,5.57,5.548
C0486,L04,11.576,11.886,11.598,11.96,9.24,9.396,9.365,9.233,5.396,5.5,5.492,5.528
C0487,L04,10.873,11.016,10.485,10.976,10.299,10.308,10.696,10.784,5.449,5.626,5.644,5.617
C0488,L04,11.386,12.002,11.77,12.286,10.849,10.694,10.541,10.689,5.565,5.681,5.738,5.661
C0489,L04,13.058,13.528,13.312,13.74,8.456,8.615,8.323,8.333,5.592,5.729,5.579,5.422
C0490,L04,10.166,10.601,10.512,11.215,11.27,11.072,11.325,11.841,5.404,5.642,5.167,5.482
C0491,L04,11.62,11.79,11.313,12.17,8.494,8.499,8.679,8.794,5.557,5.503,5.463,5.51
C0492,L04,10.69,11.181,23.212,24.603,9.531,9.713,22.51,23.249,5.298,5.336,6.937,7.146
C0493,L04,13.522,14.036,14.314,13.94,8.732,8.397,8.668,8.932,5.407,5.84,5.424,5.374
C0494,L04,11.405,11.471,11.549,11.43,10.106,9.941,9.907,9.798,5.391,5.604,5.357,5.713
C0495,L04,11.741,15.202,18.779,19.799,8.328,18.351,29.352,29.949,5.667,5.672,5.668,5.757
C0496,L04,11.271,11.173,11.642,11.483,8.906,8.891,8.877,8.904,5.72,5.422,5.477,5.58
C0497,L04,13.128,13.232,12.912,13.536,9.166,9.119,9.464,8.97,5.522,5.609,5.459,5.605
C0498,L04,11.202,11.363,11.348,11.565,9.642,9.498,9.454,9.587,5.41,5.317,5.506,5.412
C0499,L04,11.873,11.152,10.959,11.105,10.0,10.541,10.633,10.498,5.628,5.584,5.479,5.539
C0500,L04,13.039,13.092,13.218,13.233,10.297,10.223,10.623,10.58,5.355,5.648,5.469,5.587
C0501,L04,13.028,13.308,13.217,13.723,8.905,8.922,9.367,9.16,5.609,5.781,5.673,5.568
C0502,L04,12.802,13.146,13.318,13.313,9.091,9.788,9.476,9.914,5.325,5.457,5.811,7.192
C0503,L04,10.83,11.213,11.155,11.119,8.245,8.739,8.686,8.47,5.399,5.554,5.481,5.746
C0504,L04,12.479,12.378,12.876,12.707,10.86,10.951,11.48,10.825,5.602,5.686,5.595,5.865
C0505,L04,10.984,10.706,10.952,10.77,9.404,9.373,9.535,9.714,5.633,5.476,5.486,5.638
C0506,L04,10.648,10.385,10.986,10.645,10.461,10.398,10.092,9.932,5.675,5.48,5.592,5.46
C0507,L04,11.581,11.513,11.354,12.025,8.805,9.532,9.546,9.58,5.474,5.573,5.604,5.511
C0508,L04,12.154,13.189,17.884,21.271,9.054,9.347,11.262,13.442,5.604,5.637,5.947,6.437
C0509,L04,11.96,12.107,12.454,12.615,11.526,11.86,11.701,11.871,5.527,5.495,5.658,5.519
C0510,L04,10.149,10.43,10.963,10.813,10.213,10.206,10.561,10.521,5.589,5.795,5.545,5.547
C0511,L04,12.109,12.061,12.389,12.142,9.473,9.572,9.959,9.906,5.69,5.474,5.483,5.35
C0512,L04,11.616,11.585,11.977,11.983,10.735,10.506,10.446,10.931,5.791,5.88,5.75,5.711
C0513,L04,10.386,10.661,10.789,10.928,8.966,9.639,10.009,10.192,5.66,5.655,5.735,5.68
C0514,L04,11.032,13.234,15.557,15.922,9.645,12.096,15.343,15.108,5.703,5.979,6.46,5.941
C0515,L04,11.06,11.553,11.46,11.559,9.245,9.476,9.388,9.752,5.505,5.453,5.661,5.996
C0516,L04,12.429,12.607,12.226,12.959,9.434,9.738,9.503,9.357,5.562,5.732,5.669,5.722
C0517,L04,11.975,13.733,20.002,25.212,11.0,14.866,27.22,39.144,5.562,5.436,5.788,5.608
C0518,L04,11.494,11.032,11.606,11.792,9.439,9.331,10.08,9.869,5.496,5.237,5.636,5.298
C0519,L04,11.483,12.608,18.356,21.48,9.386,10.25,14.433,17.465,5.659,5.864,6.232,6.916
C0520,L04,11.657,12.503,12.095,12.782,11.333,10.538,11.366,11.717,5.629,5.381,5.723,5.465
C0521,L04,12.115,12.524,12.573,12.759,8.395,8.461,8.905,8.932,5.801,5.615,5.634,5.633
C0522,L04,12.251,12.465,12.029,12.096,9.609,9.591,9.826,9.508,5.601,5.355,5.61,5.41
C0523,L04,11.241,10.958,11.375,11.242,8.354,8.42,8.568,8.5,5.48,5.389,5.45,5.557
C0524,L04,11.067,11.56,11.557,11.895,9.208,9.371,9.488,9.35,5.495,5.556,5.48,5.482
C0525,L04,10.129,10.545,10.835,10.568,8.836,8.805,8.883,9.123,5.429,5.674,5.548,5.663
C0526,L04,11.577,11.727,11.827,11.727,8.112,7.959,8.181,8.398,5.728,5.441,5.536,5.424
C0527,L04,11.283,11.045,11.071,11.231,9.806,10.257,9.835,9.917,5.491,5.579,5.653,5.809
C0528,L04,11.715,11.352,11.328,11.742,10.36,10.19,10.643,10.968,5.38,5.355,5.469,5.494
C0529,L04,11.365,11.896,11.83,12.426,10.791,11.299,11.618,11.667,5.52,5.547,5.38,5.628
C0530,L04,11.328,11.443,11.572,11.82,9.512,9.305,9.28,9.359,5.352,5.557,5.744,5.566
C0531,L04,11.521,11.722,11.048,12.168,9.887,9.856,10.463,10.478,5.622,5.617,5.721,5.638
C0532,L04,11.503,11.612,11.534,11.137,9.419,9.388,9.615,9.449,5.312,5.429,5.551,5.552
C0533,L04,12.174,12.463,12.418,11.915,9.038,9.563,9.406,9.481,5.705,5.796,5.538,5.677
C0534,L04,12.377,11.762,11.901,12.56,10.301,10.468,10.28,10.342,5.45,5.57,5.581,5.661
C0535,L04,11.325,12.658,15.965,19.881,10.061,11.266,13.078,15.138,5.453,5.664,5.942,6.056
C0536,L04,12.504,13.315,12.717,13.051,9.917,9.813,10.184,10.432,5.423,5.478,5.622,5.62
C0537,L04,10.996,10.744,11.143,10.841,9.217,9.026,9.047,9.126,5.095,5.556,5.543,5.424
C0538,L04,11.496,12.024,11.726,11.589,8.202,8.035,8.334,8.322,5.489,5.641,5.577,5.691
C0539,L04,11.082,11.214,11.482,11.763,7.928,8.358,8.229,8.43,5.505,5.625,5.583,5.573
C0540,L04,11.456,11.595,13.94,21.251,8.704,9.628,14.446,27.181,5.804,5.596,5.551,5.877
C0541,L04,10.816,14.154,17.483,17.852,9.183,12.185,14.129,14.656,5.565,5.834,6.275,6.365
C0542,L04,11.857,11.547,11.747,11.953,8.067,8.249,8.436,8.522,5.515,5.481,5.457,5.667
C0543,L04,9.914,10.185,9.935,10.17,9.542,9.376,9.683,10.006,5.425,5.393,5.741,5.406
C0544,L04,11.887,12.059,11.839,12.005,9.057,8.831,8.577,9.356,5.65,5.463,5.473,5.359
C0545,L04,10.406,10.491,10.464,10.611,8.179,8.57,8.376,8.255,5.602,5.565,5.433,5.395
C0546,L04,11.653,11.99,12.273,12.163,9.15,9.124,9.298,9.116,5.531,5.675,5.297,5.565
C0547,L04,11.234,11.446,12.249,12.273,10.396,10.354,10.445,10.604,5.671,5.811,6.56,7.194
C0548,L04,10.926,11.069,11.23,11.664,9.676,9.333,9.094,9.917,5.456,5.482,5.681,5.558
C0549,L04,12.26,12.379,12.818,12.944,10.356,10.535,10.466,10.347,5.542,5.616,5.341,5.428
C0550,L04,11.09,11.248,11.215,11.711,9.385,9.723,9.422,9.485,5.775,5.754,5.718,5.686
C0551,L04,12.286,11.897,12.738,12.393,9.129,9.162,9.137,9.375,5.496,5.628,5.584,5.443
C0552,L04,12.42,11.798,12.239,12.154,9.123,8.911,8.849,8.693,5.3,5.351,5.141,5.379
C0553,L04,11.7,12.141,12.378,12.707,8.632,8.731,9.22,8.987,5.45,5.543,5.867,5.696
C0554,L04,11.855,11.406,11.469,11.742,10.952,11.072,11.091,11.558,5.679,5.567,5.667,5.531
C0555,L04,11.932,12.013,12.08,12.298,8.311,8.17,8.424,8.453,5.823,5.749,5.667,5.748
C0556,L04,11.924,11.717,11.92,12.332,7.862,7.788,7.877,8.273,5.352,5.454,5.518,5.583
C0557,L04,12.421,12.128,12.01,12.347,8.769,8.929,9.227,9.459,5.283,5.455,5.359,5.305
C0558,L04,11.942,11.901,12.381,12.322,9.546,9.499,9.761,9.853,5.727,5.671,5.923,5.668
C0559,L04,11.91,11.999,12.316,12.427,10.343,10.484,10.43,11.119,5.53,5.544,5.515,5.445
C0560,L04,10.813,11.197,11.49,11.158,9.652,9.943,10.24,10.062,5.757,5.329,5.6,5.52
C0561,L04,11.161,11.275,11.297,11.545,10.412,10.762,10.949,10.719,5.392,5.421,5.266,5.508
C0562,L04,11.644,11.469,12.057,12.177,9.157,9.006,9.47,9.209,5.767,5.919,5.657,5.743
C0563,L04,11.232,10.973,11.365,11.545,9.586,9.596,9.351,9.33,5.484,5.55,5.443,5.382
C0564,L04,11.711,12.597,16.708,25.848,10.145,11.154,14.019,24.587,5.693,5.563,5.988,7.062
C0565,L04,11.84,12.063,12.27,11.996,10.876,10.695,10.863,11.08,5.621,5.714,5.641,5.503
C0566,L04,10.875,11.123,11.328,11.489,8.628,8.766,9.068,9.127,5.702,5.697,5.541,5.899
C0567,L04,11.385,11.078,11.33,11.956,9.755,10.073,10.159,9.713,5.724,5.616,5.892,5.831
C0568,L04,11.106,10.552,10.527,10.51,11.219,11.102,11.522,11.106,5.732,5.623,5.532,5.613
C0569,L04,10.473,10.256,10.323,10.563,11.035,10.855,10.987,11.026,5.152,5.364,5.447,5.363
C0570,L04,11.39,11.159,11.449,11.334,9.699,10.209,10.41,10.559,5.772,5.56,5.651,5.514
C0571,L04,11.818,11.705,11.943,12.421,9.365,9.193,9.539,9.5,5.777,5.512,5.492,5.49
C0572,L04,11.619,12.132,20.896,20.755,9.762,9.891,36.259,36.651,5.699,5.747,5.772,5.617
C0573,L04,10.938,10.963,10.873,10.911,7.932,8.327,8.251,7.811,5.43,5.448,5.563,5.57
C0574,L04,11.549,11.774,11.7,11.697,8.354,8.192,8.641,8.477,5.822,5.877,5.653,5.775
C0575,L04,11.92,11.638,12.262,12.061,9.956,10.018,10.255,10.318,5.745,5.842,5.692,5.599
C0576,L04,11.508,12.022,12.403,11.71,10.256,10.745,10.33,10.427,5.652,5.656,5.866,5.517
C0577,L04,10.96,11.526,11.391,11.293,9.074,9.003,9.295,9.308,5.501,5.424,5.482,5.74
C0578,L04,12.675,12.723,13.4,13.055,9.738,10.034,10.219,10.06,5.829,5.617,5.64,5.573
C0579,L04,10.768,10.813,11.303,11.461,9.284,8.961,9.198,9.46,5.533,5.583,6.169,7.011
C0580,L04,11.432,11.37,11.589,11.208,9.853,9.794,10.315,10.535,5.123,5.52,5.258,5.41
C0581,L04,10.729,10.254,10.71,10.719,10.513,10.784,11.401,11.267,5.432,5.407,5.29,5.407
C0582,L04,12.383,12.553,13.234,12.721,10.34,10.481,10.434,10.591,5.658,5.746,5.582,5.803
C0583,L04,11.042,11.526,11.853,12.225,9.75,10.098,10.563,10.184,5.698,5.641,5.582,5.902
C0584,L04,11.79,12.027,12.242,12.356,9.822,10.212,9.944,10.27,5.721,5.299,5.779,5.507
C0585,L04,11.926,11.769,11.84,11.422,9.568,9.961,10.127,9.826,5.743,5.758,5.768,5.461
C0586,L04,11.695,11.754,11.683,11.46,9.128,8.734,8.534,9.17,5.845,5.878,5.767,5.527
C0587,L04,11.442,11.566,11.572,11.619,10.962,11.195,11.15,11.592,5.808,5.822,5.828,5.959
C0588,L04,13.026,12.993,12.973,13.262,9.893,10.082,10.233,10.198,5.704,5.509,5.555,5.799
C0589,L04,11.301,11.714,11.887,11.923,9.946,9.813,9.658,10.055,5.663,5.411,5.595,5.623
C0590,L04,13.631,13.358,13.163,13.509,9.619,9.808,9.762,9.637,5.567,5.675,5.595,5.413
C0591,L04,11.317,11.473,11.749,11.425,10.228,9.978,10.265,10.926,5.639,5.542,5.502,5.849
C0592,L04,12.092,12.244,12.895,12.643,7.227,7.373,7.661,7.621,5.504,5.682,5.824,5.592
C0593,L04,10.854,11.011,11.228,11.361,8.393,8.461,8.719,8.866,5.711,5.668,5.759,5.829
C0594,L04,11.99,12.351,12.672,12.64,9.369,9.473,9.754,9.835,5.428,5.312,5.468,5.39
C0595,L04,11.043,10.879,11.169,11.376,8.699,8.944,8.843,9.038,5.712,5.995,5.805,5.718
C0596,L04,11.731,11.351,11.476,11.384,9.547,9.515,9.979,9.694,5.618,5.473,5.567,5.866
C0597,L04,12.869,11.986,12.662,12.042,9.419,9.437,9.446,9.736,5.587,5.343,5.438,5.531
C0598,L04,11.812,19.347,28.171,29.289,9.242,33.001,59.259,59.282,5.444,5.52,5.671,5.625
C0599,L04,11.083,11.194,11.221,11.236,9.329,9.855,10.005,10.092,5.837,5.57,5.502,5.452
C0600,L04,12.427,12.665,13.04,13.53,8.945,8.662,8.736,8.636,5.517,5.628,5.368,5.592
C0601,L05,10.398,10.279,10.736,10.705,9.8,9.462,9.762,9.606,5.421,5.498,5.429,5.441
C0602,L05,10.443,10.843,10.609,10.815,10.192,10.527,10.189,10.265,5.229,5.263,5.115,5.131
C0603,L05,12.055,12.013,12.14,12.455,9.807,9.724,10.005,9.852,5.675,5.348,5.754,5.373
C0604,L05,11.186,11.038,11.059,10.974,9.075,9.296,9.293,8.78,5.233,5.223,5.179,5.401
C0605,L05,11.914,12.247,12.067,12.426,7.956,8.432,7.817,7.925,5.452,5.52,5.426,5.413
C0606,L05,11.974,11.515,12.244,12.08,9.672,10.152,9.943,10.062,5.166,5.331,5.372,5.37
C0607,L05,11.228,11.16,11.282,11.823,9.06,9.519,9.704,9.522,5.21,5.334,5.17,5.295
C0608,L05,10.459,10.786,10.833,10.724,9.259,9.784,9.603,9.274,5.258,5.511,5.274,5.425
C0609,L05,12.133,12.378,13.115,12.668,10.852,10.612,10.912,10.893,5.481,5.387,5.352,5.477
C0610,L05,10.995,11.091,11.474,11.413,8.89,8.78,8.551,8.936,5.224,5.46,5.151,5.275
C0611,L05,11.961,11.799,12.622,11.987,10.07,10.512,10.424,10.729,5.165,5.337,5.226,5.365
C0612,L05,12.294,12.412,12.499,11.861,9.016,9.544,9.697,9.478,5.406,5.108,5.125,5.107
C0613,L05,12.444,13.076,13.03,12.693,9.058,8.892,9.014,9.189,5.157,5.179,5.232,5.461
C0614,L05,11.675,11.61,11.915,11.933,10.321,10.096,10.659,10.49,5.334,5.498,5.577,5.525
C0615,L05,12.39,12.357,12.882,12.995,10.305,10.078,10.233,10.358,5.437,5.398,5.612,5.5
C0616,L05,11.395,11.762,11.534,11.759,9.782,10.174,10.286,10.507,5.491,5.327,5.542,5.545
C0617,L05,12.508,12.798,13.067,12.882,10.91,11.66,11.443,11.225,5.511,5.437,5.488,5.483
C0618,L05,12.269,12.45,12.272,12.697,11.139,11.421,11.312,11.202,5.533,5.471,5.691,5.648
C0619,L05,11.495,11.782,11.799,11.812,10.199,10.425,10.3,11.1,5.437,5.341,5.399,5.402
C0620,L05,10.735,11.619,11.583,11.602,8.883,9.431,9.011,9.012,5.572,5.349,5.347,5.343
C0621,L05,12.458,12.55,12.439,12.606,9.443,9.387,9.783,9.823,5.462,5.171,5.331,5.3
C0622,L05,12.408,12.667,12.863,12.876,9.17,8.91,9.218,9.284,5.211,5.248,5.138,5.311
C0623,L05,12.533,12.252,13.127,13.046,10.207,9.935,10.544,10.946,5.256,5.377,5.288,5.482
C0624,L05,11.282,11.608,11.688,11.765,9.972,10.131,10.339,10.895,5.271,5.236,5.392,5.25
C0625,L05,11.999,12.053,11.892,11.974,9.904,10.37,10.37,10.362,5.07,5.216,5.231,5.325
C0626,L05,13.449,13.392,13.739,14.003,9.576,9.52,9.665,9.605,5.224,5.429,5.43,5.209
C0627,L05,11.286,11.166,11.354,11.079,12.024,11.896,12.037,12.717,5.073,5.166,5.155,5.123
C0628,L05,11.696,11.776,11.513,12.205,9.447,9.632,10.029,10.296,5.675,5.526,5.689,5.609
C0629,L05,11.415,12.046,11.785,11.819,10.191,10.288,10.393,10.196,5.552,5.381,5.505,5.65
C0630,L05,12.293,12.275,12.489,12.34,9.771,10.025,10.165,10.476,5.25,5.226,5.415,5.347
C0631,L05,12.098,11.552,12.332,12.298,9.333,10.058,10.023,9.794,5.31,5.296,5.212,5.439
C0632,L05,12.568,12.88,12.94,12.717,9.561,9.601,9.762,9.46,5.758,5.445,5.536,5.816
C0633,L05,11.648,12.364,11.879,12.314,9.382,10.009,9.821,9.673,5.579,5.643,5.613,5.32
C0634,L05,12.155,12.326,12.116,12.618,8.97,9.217,8.988,9.439,5.387,5.357,5.558,5.45
C0635,L05,12.364,12.749,12.654,12.875,10.856,10.985,10.722,11.233,5.489,5.413,5.564,5.424
C0636,L05,12.03,11.936,12.58,12.717,10.409,10.585,11.044,11.191,5.509,5.622,5.534,5.515
C0637,L05,11.922,12.498,12.032,12.045,10.742,11.015,11.167,11.359,5.646,5.544,5.8,5.581
C0638,L05,11.598,11.388,11.947,12.001,8.397,8.782,9.008,9.018,5.278,5.372,5.389,5.29
C0639,L05,11.894,12.645,12.208,12.228,9.832,9.632,9.751,9.786,5.251,5.397,5.331,5.478
C0640,L05,12.737,12.391,12.631,12.672,11.131,11.523,11.359,11.719,5.513,5.297,5.49,5.425
C0641,L05,13.598,13.522,14.476,14.069,9.524,9.625,9.654,9.725,5.478,5.561,5.462,5.37
C0642,L05,11.228,11.365,12.206,12.412,8.95,9.066,9.301,9.044,5.271,5.175,5.39,5.265
C0643,L05,11.419,11.765,11.526,11.468,9.546,9.613,10.064,9.917,5.183,5.382,5.279,5.312
C0644,L05,11.333,11.59,11.738,11.245,10.042,10.056,10.304,10.399,5.418,5.776,5.35,5.43
C0645,L05,12.501,12.7,12.213,13.215,9.472,10.059,10.084,10.374,5.326,5.444,5.445,5.523
C0646,L05,12.125,12.598,13.42,13.231,7.792,7.698,7.764,7.827,5.596,5.466,5.378,5.606
C0647,L05,10.535,11.205,10.72,10.437,9.721,10.119,10.108,9.914,5.271,5.253,5.297,5.213
C0648,L05,11.584,11.433,11.376,11.341,10.093,10.213,10.537,10.792,5.424,5.248,5.342,5.344
C0649,L05,10.828,11.055,10.83,11.144,11.433,11.06,11.685,11.544,5.251,5.407,5.533,5.488
C0650,L05,12.127,12.285,12.268,12.411,11.447,11.579,11.672,11.671,5.413,5.351,5.459,5.514
C0651,L05,11.733,11.67,11.474,11.907,8.905,8.621,9.228,9.17,5.333,5.301,5.164,5.502
C0652,L05,11.312,11.842,11.483,11.859,9.358,9.529,9.764,9.842,5.416,5.153,5.342,5.244
C0653,L05,10.883,10.85,11.587,11.546,8.587,8.484,8.857,8.726,5.492,5.306,5.596,5.503
C0654,L05,11.665,11.252,11.622,11.455,10.106,10.17,10.607,9.894,5.35,5.37,5.316,5.31
C0655,L05,10.252,10.567,10.494,10.595,9.572,9.561,9.92,10.156,5.407,5.205,5.423,5.398
C0656,L05,10.997,11.394,11.54,11.119,9.777,9.731,9.836,9.958,5.342,5.263,5.347,5.51
C0657,L05,11.303,11.414,11.953,11.653,10.511,10.8,10.861,11.108,5.67,5.622,5.633,5.615
C0658,L05,11.077,11.059,11.667,11.509,9.493,10.246,10.006,10.287,5.483,5.548,5.335,5.397
C0659,L05,11.287,12.053,12.037,11.711,9.62,10.055,10.353,10.173,5.342,5.522,5.437,5.472
C0660,L05,11.737,12.42,12.342,12.812,8.983,9.174,9.51,9.394,5.447,5.548,5.552,5.539
C0661,L05,10.989,11.539,11.433,11.643,10.563,10.971,10.728,10.901,5.502,5.551,5.589,5.361
C0662,L05,11.826,12.343,12.01,11.896,10.265,10.932,10.858,10.952,5.232,5.335,5.234,5.406
C0663,L05,11.455,11.628,11.825,11.678,9.691,10.426,10.478,10.611,5.152,5.354,5.138,5.191
C0664,L05,11.897,12.441,12.592,12.578,10.675,10.678,10.995,10.884,5.487,5.413,5.578,5.313
C0665,L05,10.289,10.518,10.373,10.613,8.762,8.923,9.239,9.17,5.243,5.231,5.253,5.282
C0666,L05,11.524,11.203,11.275,11.543,9.067,9.439,9.228,9.287,5.186,5.117,5.218,5.221
C0667,L05,11.262,11.068,11.092,11.299,10.848,10.645,10.939,10.792,5.195,5.41,5.562,5.456
C0668,L05,10.645,10.907,11.016,10.715,9.303,9.78,9.329,9.35,5.28,5.199,5.271,5.229
C0669,L05,12.086,12.145,12.305,12.224,10.528,11.014,10.938,11.158,5.335,5.431,5.551,5.407
C0670,L05,12.243,12.212,11.956,12.23,10.555,10.837,11.413,10.827,5.396,5.487,5.434,5.448
C0671,L05,10.765,10.691,11.062,10.997,9.893,9.774,10.13,10.248,5.495,5.441,5.595,5.714
C0672,L05,11.548,11.891,11.532,12.354,9.095,9.235,9.37,9.512,5.61,5.504,5.673,5.5
C0673,L05,12.367,12.69,12.972,12.894,10.364,9.88,11.04,10.673,5.282,5.263,5.253,5.261
C0674,L05,12.318,12.588,12.491,12.695,10.292,10.641,10.81,10.629,5.125,5.293,5.323,5.271
C0675,L05,11.977,11.759,12.175,12.394,11.43,11.608,11.509,11.864,5.587,5.811,5.499,5.81
C0676,L05,12.208,12.668,13.062,12.494,9.871,9.779,9.948,10.591,5.654,5.687,5.567,5.627
C0677,L05,11.694,12.052,12.134,11.968,9.566,9.476,9.931,9.523,5.491,5.35,5.657,5.266
C0678,L05,13.097,13.435,13.5,13.134,10.333,11.134,10.997,10.887,5.102,5.274,5.302,5.219
C0679,L05,12.116,12.305,12.636,12.614,9.465,9.354,9.654,9.865,5.542,5.369,5.384,5.465
C0680,L05,12.73,13.333,13.047,13.768,9.595,9.645,9.63,10.327,5.391,5.388,5.578,5.287
C0681,L05,11.236,10.957,11.275,11.232,11.242,11.092,11.425,11.058,5.301,5.279,5.367,5.448
C0682,L05,10.789,11.228,11.688,11.659,9.803,10.401,10.647,10.303,5.544,5.613,5.68,5.972
C0683,L05,11.34,11.897,11.987,11.674,8.825,8.706,8.678,9.015,5.616,5.562,5.608,5.477
C0684,L05,10.927,10.411,11.241,10.682,11.075,11.83,12.004,11.507,5.358,5.389,5.348,5.193
C0685,L05,11.289,11.397,11.448,11.58,11.33,11.252,11.401,11.21,5.313,5.413,5.439,5.628
C0686,L05,12.219,11.943,12.549,12.44,9.518,9.748,10.047,10.184,5.777,5.472,5.348,5.373
C0687,L05,12.825,12.768,12.965,12.929,10.507,10.587,10.567,10.389,5.394,5.397,5.208,5.287
C0688,L05,11.039,11.536,11.523,11.141,9.673,9.919,10.153,10.202,5.374,5.318,5.281,5.442
C0689,L05,12.388,12.586,12.034,12.456,10.935,11.642,11.502,11.895,5.275,5.341,5.292,5.333
C0690,L05,10.955,10.684,11.439,11.23,10.234,10.531,10.405,10.737,5.464,5.565,5.523,5.401
C0691,L05,11.122,11.163,11.068,11.247,12.075,11.819,11.844,11.538,5.575,5.451,5.316,5.343
C0692,L05,11.508,11.341,11.444,11.938,9.338,9.184,9.356,9.381,5.572,5.544,5.527,5.601
C0693,L05,11.451,11.374,11.578,11.625,9.932,9.517,10.3,10.049,5.395,5.383,5.385,5.477
C0694,L05,12.387,11.754,12.384,12.815,9.77,9.37,9.875,10.324,5.094,5.177,5.489,5.431
C0695,L05,10.825,10.657,10.599,11.043,10.681,10.29,10.806,10.788,5.326,5.079,5.543,5.457
C0696,L05,10.604,10.729,10.823,11.162,9.608,9.424,9.518,9.706,5.367,5.177,5.376,5.275
C0697,L05,12.451,12.089,12.666,12.453,9.7,10.277,10.156,10.023,5.329,5.278,5.487,5.305
C0698,L05,11.702,11.897,11.862,11.864,10.33,10.687,10.791,10.955,5.319,5.407,5.445,5.377
C0699,L05,12.582,12.718,12.78,12.687,10.653,10.752,10.509,10.932,5.276,5.202,5.299,5.3
C0700,L05,10.997,11.814,11.455,11.265,9.172,9.115,9.708,9.518,5.507,5.752,5.315,5.42
C0701,L05,11.981,12.06,11.839,11.948,9.652,9.397,9.523,9.723,5.112,5.205,5.186,5.185
C0702,L05,11.852,12.119,11.996,12.429,9.715,9.908,10.451,10.097,5.233,5.324,5.245,5.451
C0703,L05,11.091,11.421,12.042,11.822,11.923,12.426,11.756,11.77,5.149,5.395,5.403,5.567
C0704,L05,12.821,12.755,12.696,12.578,9.614,9.261,9.764,9.853,5.486,5.379,5.298,5.579
C0705,L05,11.444,10.924,11.596,11.826,10.671,10.617,11.067,11.06,5.197,5.138,5.148,5.099
C0706,L05,11.011,11.244,11.418,11.327,10.602,11.118,11.177,11.301,5.345,5.253,5.203,5.422
C0707,L05,10.834,11.535,11.368,11.851,9.6,9.668,9.888,9.621,5.339,5.49,5.421,5.473
C0708,L05,11.743,11.929,11.996,12.438,10.683,10.785,11.57,10.955,5.385,5.32,5.357,5.387
C0709,L05,11.243,11.281,11.647,11.845,9.513,10.115,10.056,10.101,5.154,5.256,5.408,5.245
C0710,L05,10.572,10.657,10.812,11.097,10.682,11.024,11.624,11.434,5.673,5.624,5.64,5.481
C0711,L05,11.325,12.128,12.108,11.893,10.678,11.399,11.012,11.294,5.521,5.502,5.513,5.371
C0712,L05,12.326,11.68,12.026,11.817,9.351,9.764,9.722,9.629,5.49,5.281,5.348,5.478
C0713,L05,12.174,11.86,12.509,12.355,9.029,9.234,9.275,9.131,5.286,5.277,5.309,5.219
C0714,L05,12.154,12.012,12.246,11.751,10.777,10.713,10.959,11.376,5.406,5.512,5.463,5.517
C0715,L05,10.198,10.56,10.82,10.421,9.711,9.48,10.212,9.515,5.518,5.672,5.749,5.641
C0716,L05,12.332,12.421,14.38,18.654,8.31,8.726,9.882,13.384,5.227,5.546,5.606,6.18
C0717,L05,11.238,11.322,11.63,11.711,8.091,8.555,8.406,8.463,5.223,5.257,5.407,5.541
C0718,L05,11.224,12.041,11.766,11.704,8.494,8.667,8.566,8.832,5.196,5.412,5.434,5.31
C0719,L05,11.835,12.287,11.631,12.016,11.344,11.644,11.121,11.81,5.812,5.551,5.296,5.585
C0720,L05,11.361,11.252,11.95,11.884,9.47,9.392,9.523,9.632,5.317,5.084,5.193,5.112
C0721,L05,10.537,10.646,10.583,10.777,10.51,10.642,10.53,10.233,5.242,5.221,5.353,5.609
C0722,L05,11.102,11.8,11.878,11.911,11.062,11.609,11.506,10.897,5.554,5.508,5.283,5.506
C0723,L05,12.031,12.384,12.311,12.271,11.16,11.187,11.497,11.535,5.327,5.548,5.43,5.289
C0724,L05,11.747,11.73,11.603,12.236,10.965,11.064,11.458,11.236,5.262,5.443,5.393,5.418
C0725,L05,11.798,12.084,12.209,12.262,9.672,9.711,9.569,10.068,5.643,5.551,5.507,5.567
C0726,L05,11.771,11.782,11.565,12.239,9.831,9.788,10.23,10.117,5.607,5.355,5.41,5.314
C0727,L05,12.142,12.23,12.515,12.229,7.888,8.471,8.724,8.472,5.724,5.505,5.306,5.564
C0728,L05,12.815,13.184,13.567,13.349,12.39,12.435,12.219,12.33,5.554,5.345,5.612,5.575
C0729,L05,11.605,11.688,11.953,11.954,11.56,12.423,12.043,12.219,5.477,5.444,5.535,5.555
C0730,L05,11.94,11.873,11.97,12.044,11.394,11.188,11.463,11.742,5.433,5.341,5.314,5.482
C0731,L05,12.772,12.307,12.533,12.797,10.77,11.04,11.158,11.01,5.634,5.585,5.692,5.785
C0732,L05,13.202,13.159,13.413,13.174,10.076,10.326,10.231,10.222,5.1,5.032,5.235,5.018
C0733,L05,11.667,11.349,11.732,11.714,10.756,10.527,11.035,11.139,5.561,5.446,5.354,5.407
C0734,L05,13.379,12.984,13.295,13.363,10.086,10.206,10.251,10.42,5.565,5.685,5.519,5.482
C0735,L05,12.391,12.223,12.134,12.604,9.224,9.45,9.256,9.466,5.24,5.635,5.354,5.624
C0736,L05,12.199,12.729,12.708,12.238,9.435,9.792,9.843,9.411,5.46,5.492,5.608,5.587
C0737,L05,11.116,10.945,11.456,11.953,8.653,8.798,8.698,8.651,5.154,5.217,5.509,5.214
C0738,L05,12.23,11.82,12.189,12.507,11.472,11.773,11.947,12.0,5.338,5.457,5.307,5.334
C0739,L05,11.056,11.434,11.441,11.526,9.054,8.878,8.945,8.698,5.494,5.254,5.408,5.362
C0740,L05,11.555,12.134,12.187,12.167,11.118,11.57,11.715,11.757,5.007,4.992,5.07,5.039
C0741,L05,12.589,12.526,12.628,12.664,10.942,11.329,11.349,11.807,5.783,5.3,5.614,5.469
C0742,L05,12.864,13.14,13.217,13.386,9.827,9.926,9.757,9.656,5.52,5.511,5.637,5.579
C0743,L05,13.154,13.284,14.262,14.52,9.923,9.956,10.155,10.276,5.466,5.568,5.494,5.643
C0744,L05,11.165,11.26,11.077,11.607,11.928,11.12,12.063,11.645,5.504,5.429,5.504,5.733
C0745,L05,11.579,12.212,11.731,12.136,9.643,9.339,9.683,9.8,5.474,5.458,5.614,5.414
C0746,L05,12.002,12.298,12.414,12.57,9.15,9.13,9.332,9.245,5.377,5.603,5.345,5.56
C0747,L05,11.514,11.409,11.832,11.768,9.581,9.796,10.142,10.197,5.313,5.5,5.609,5.531
C0748,L05,9.491,9.377,9.789,9.77,9.247,9.606,9.77,9.694,5.575,5.531,5.284,5.329
C0749,L05,11.744,12.435,12.169,12.325,11.392,10.734,10.96,10.931,5.515,5.49,5.758,5.648
C0750,L05,12.816,13.339,17.684,28.473,10.574,11.108,15.414,25.662,5.596,5.674,6.122,6.933
C0751,L06,12.013,11.809,11.756,12.144,9.584,9.75,9.933,10.168,5.656,5.642,5.581,5.505
C0752,L06,10.643,11.077,11.796,11.552,9.082,9.61,9.952,9.726,5.465,5.364,5.195,5.604
C0753,L06,10.518,10.615,10.88,11.162,10.534,10.949,11.09,11.072,5.566,5.543,5.695,5.829
C0754,L06,11.8,11.7,12.204,12.176,9.421,9.35,9.772,9.8,5.618,5.589,5.659,5.705
C0755,L06,11.93,12.321,12.098,12.93,10.378,10.568,10.43,10.217,5.22,5.263,5.493,5.415
C0756,L06,10.802,11.332,11.173,11.275,9.874,9.704,10.312,10.292,5.468,5.526,5.493,5.664
C0757,L06,12.284,12.233,12.397,12.758,9.26,9.191,9.194,8.984,5.306,5.226,5.345,5.213
C0758,L06,11.062,10.982,11.209,11.851,9.147,9.081,9.17,9.293,5.684,5.65,5.271,5.465
C0759,L06,11.216,11.339,12.246,11.856,8.652,8.5,8.765,8.576,5.374,5.308,5.306,5.525
C0760,L06,11.886,12.199,12.514,12.345,9.747,9.491,9.974,9.956,5.462,5.438,5.587,5.596
C0761,L06,11.22,11.227,11.833,11.595,9.9,9.705,9.795,10.108,5.549,5.583,5.535,5.591
C0762,L06,10.151,10.427,9.721,10.222,8.569,8.285,8.411,8.603,5.629,5.587,5.579,5.535
C0763,L06,11.297,11.8,11.475,12.12,10.216,10.051,10.291,10.214,5.567,5.397,5.419,5.573
C0764,L06,12.231,12.142,11.929,11.945,9.807,9.842,9.78,9.943,5.66,5.691,5.693,5.554
C0765,L06,10.985,10.912,11.54,11.508,8.669,8.812,8.701,8.686,5.556,5.55,5.58,5.624
C0766,L06,12.952,12.151,13.246,12.387,11.945,12.0,11.786,11.848,5.386,5.354,5.517,5.365
C0767,L06,11.239,11.388,12.025,11.668,9.55,9.356,9.762,9.767,5.482,5.255,5.239,5.39
C0768,L06,10.521,11.118,10.798,11.018,10.791,11.065,10.843,10.728,5.405,5.488,5.359,5.238
C0769,L06,10.08,10.186,10.477,10.197,9.245,9.121,9.226,9.418,5.469,5.373,5.518,5.56
C0770,L06,10.981,10.871,10.834,10.944,8.504,8.379,8.981,8.818,5.221,5.498,5.431,5.511
C0771,L06,11.332,11.811,11.836,11.872,11.299,10.758,11.865,11.22,5.547,5.706,5.729,5.555
C0772,L06,11.1,11.55,11.556,11.427,10.091,10.315,10.542,10.37,5.63,5.681,5.761,5.668
C0773,L06,12.762,12.953,12.803,12.781,9.589,9.595,10.203,10.105,5.881,5.773,5.581,5.721
C0774,L06,10.909,11.257,11.583,11.484,9.263,8.994,8.855,9.107,5.445,6.084,5.579,5.774
C0775,L06,10.886,10.456,11.006,11.316,9.062,9.078,9.104,9.017,5.463,5.489,5.623,5.504
C0776,L06,11.725,11.617,12.239,12.172,9.761,9.743,9.879,10.348,5.672,5.555,5.813,5.707
C0777,L06,10.996,11.554,11.618,11.547,9.298,9.511,9.749,9.752,5.542,5.724,5.496,5.573
C0778,L06,11.603,11.762,11.552,11.796,10.884,10.745,10.535,10.534,5.72,5.763,5.692,5.788
C0779,L06,11.548,11.231,11.166,11.139,9.892,9.598,10.164,9.845,5.719,5.557,5.765,5.615
C0780,L06,12.695,13.035,13.124,13.078,9.705,9.836,9.59,9.599,5.324,5.524,5.511,5.397
C0781,L06,13.126,12.856,12.341,13.316,10.3,10.261,11.24,10.562,5.208,5.288,5.515,5.462
C0782,L06,11.245,11.444,11.441,11.531,9.462,9.484,9.266,9.247,5.394,5.504,5.553,5.537
C0783,L06,11.398,11.639,11.797,11.933,11.49,11.403,11.196,11.606,5.494,5.68,5.561,5.702
C0784,L06,11.141,11.778,11.827,11.87,11.342,11.386,11.549,12.059,5.738,5.505,5.371,5.471
C0785,L06,10.668,10.78,11.121,11.022,10.38,10.56,10.461,10.498,5.576,5.431,5.348,5.4
C0786,L06,11.468,11.485,11.795,11.692,8.969,9.113,9.588,9.651,5.464,5.651,5.551,5.828
C0787,L06,10.312,10.609,10.919,11.046,9.569,9.863,10.183,10.1,5.577,5.354,5.382,5.555
C0788,L06,11.614,11.121,11.415,11.346,9.649,9.603,9.87,9.591,5.577,5.966,5.824,5.811
C0789,L06,11.986,11.82,12.45,12.471,10.93,10.752,11.655,11.096,5.514,5.655,5.609,5.643
C0790,L06,10.876,11.105,11.27,11.759,9.809,9.663,9.6,9.556,5.425,5.245,5.49,5.592
C0791,L06,11.491,11.591,12.291,11.947,8.46,8.452,8.485,8.516,5.698,5.682,5.706,5.62
C0792,L06,11.191,12.033,15.457,24.305,11.147,12.843,21.577,44.095,5.557,5.425,5.724,5.756
C0793,L06,11.006,10.946,11.209,10.857,10.559,10.368,11.284,11.226,5.643,5.581,5.547,5.534
C0794,L06,11.883,12.432,12.404,12.478,12.01,11.603,12.564,12.089,5.535,5.383,5.552,5.38
C0795,L06,13.454,12.749,13.636,12.811,9.818,9.883,9.914,9.878,5.603,5.517,5.626,5.339
C0796,L06,11.39,11.251,11.859,11.575,9.14,9.146,9.285,9.232,5.507,5.598,5.566,5.447
C0797,L06,10.325,10.382,10.855,10.885,11.835,11.924,11.626,11.829,5.646,5.599,5.415,5.695
C0798,L06,11.214,10.869,11.482,11.442,9.208,9.667,9.69,9.744,5.41,5.694,5.675,5.541
C0799,L06,12.171,11.926,11.926,12.036,9.363,9.522,9.708,9.782,5.643,5.513,5.811,5.409
C0800,L06,12.618,12.799,12.912,12.99,9.432,10.293,9.927,10.034,5.416,5.463,5.473,5.567
C0801,L06,11.771,11.969,12.056,12.419,9.959,10.068,10.23,10.253,5.553,5.669,5.423,5.567
C0802,L06,9.984,10.206,10.662,10.514,9.287,9.059,9.331,9.303,5.409,5.744,5.574,5.675
C0803,L06,11.519,11.109,11.148,11.251,8.653,8.539,8.714,8.95,5.753,5.623,5.537,5.592
C0804,L06,12.645,13.153,13.069,12.838,10.566,10.502,10.725,10.944,5.562,5.366,5.448,5.543
C0805,L06,12.527,13.082,13.568,13.38,10.953,11.262,11.359,11.556,5.402,5.223,5.35,5.419
C0806,L06,10.917,11.001,11.227,11.233,9.441,9.202,9.428,9.424,5.732,5.493,5.629,5.574
C0807,L06,11.133,10.679,10.984,10.767,8.53,8.602,8.725,8.503,5.307,5.427,5.512,5.399
C0808,L06,11.939,11.968,12.436,12.227,9.135,9.437,10.052,10.091,5.637,5.776,6.168,6.721
C0809,L06,11.374,11.47,11.603,11.657,10.056,9.789,10.067,10.065,5.402,5.838,5.69,5.801
C0810,L06,12.018,11.806,12.352,12.579,9.564,9.574,9.637,9.822,5.46,5.329,5.487,5.691
C0811,L06,11.403,11.234,11.13,11.348,8.682,8.792,8.979,8.706,5.531,5.547,5.474,5.604
C0812,L06,11.992,12.012,12.131,12.459,9.265,9.269,10.073,10.095,5.476,5.353,6.899,6.787
C0813,L06,12.659,13.189,12.59,12.894,9.211,8.982,9.292,9.211,5.506,5.609,5.714,5.608
C0814,L06,11.171,11.072,11.28,11.272,9.502,9.873,9.789,9.995,5.432,5.532,5.521,5.579
C0815,L06,9.913,9.673,10.318,10.263,10.128,9.871,10.325,10.073,5.457,5.534,5.528,5.582
C0816,L06,12.057,12.26,12.417,11.92,11.161,10.945,11.03,11.043,5.494,5.553,5.371,5.424
C0817,L06,11.712,11.719,11.799,11.89,10.053,10.529,10.567,10.473,5.67,5.444,5.722,5.581
C0818,L06,11.036,10.96,11.644,11.985,8.611,8.536,8.773,8.637,5.2,5.343,5.584,5.615
C0819,L06,12.026,12.574,13.279,13.418,10.525,10.897,11.051,11.437,5.558,5.603,5.641,5.495
C0820,L06,10.52,11.391,10.815,11.178,10.226,10.697,10.768,10.752,5.392,5.73,5.451,5.44
C0821,L06,10.869,11.489,11.594,11.389,8.949,9.253,9.668,9.419,5.333,5.332,5.396,5.416
C0822,L06,13.116,13.274,13.692,13.617,10.345,10.509,11.377,10.939,5.562,5.563,6.688,6.764
C0823,L06,12.422,12.454,12.552,12.325,9.733,9.872,10.115,10.363,5.468,5.69,5.365,5.566
C0824,L06,12.523,12.607,12.441,12.361,9.228,9.275,9.419,9.747,5.52,5.374,5.358,5.39
C0825,L06,11.879,11.63,11.925,11.506,10.801,10.861,11.02,10.941,5.437,5.562,5.507,5.745
C0826,L06,11.811,12.0,12.083,12.205,9.377,9.781,10.046,9.887,5.815,5.801,5.803,5.55
C0827,L06,11.69,11.914,11.674,12.538,9.064,8.715,9.016,9.703,5.485,5.389,5.59,5.399
C0828,L06,12.417,11.999,11.954,11.951,9.166,9.699,9.38,9.11,5.368,5.392,5.55,5.343
C0829,L06,12.194,12.055,12.227,12.529,10.23,10.758,10.687,10.521,5.465,5.446,5.493,5.523
C0830,L06,11.867,11.856,12.281,12.021,10.492,10.606,10.737,11.077,5.441,5.433,5.267,5.64
C0831,L06,10.59,11.149,10.998,10.967,9.783,10.008,10.245,9.951,5.473,5.582,5.32,5.406
C0832,L06,12.187,12.443,13.006,12.841,9.436,9.008,9.669,9.321,5.599,5.543,5.676,5.582
C0833,L06,12.184,11.752,11.999,11.948,9.566,9.537,10.117,9.653,5.564,5.379,5.401,5.549
C0834,L06,12.084,12.476,12.215,12.458,10.956,10.585,10.951,11.133,5.478,5.706,5.563,5.546
C0835,L06,10.638,10.592,11.055,11.147,9.256,9.441,9.359,9.224,5.381,5.785,5.576,5.582
C0836,L06,11.115,11.425,11.788,11.769,10.181,10.345,10.463,10.385,5.929,5.777,5.646,5.558
C0837,L06,11.549,11.373,11.957,11.397,8.329,8.337,8.556,8.569,5.466,5.532,5.656,5.71
C0838,L06,11.675,11.955,12.111,12.39,8.328,8.344,8.298,8.268,5.416,5.717,5.682,5.621
C0839,L06,11.244,10.724,10.88,11.134,9.849,10.019,9.977,10.069,5.411,5.449,5.426,5.564
C0840,L06,11.57,11.647,12.021,12.102,10.127,10.313,11.192,10.725,5.629,6.089,6.618,7.286
C0841,L06,11.129,11.691,11.39,11.602,8.42,8.5,8.808,9.052,5.558,5.546,5.687,5.54
C0842,L06,11.991,12.19,12.459,12.295,9.183,9.76,9.607,10.158,5.35,5.382,5.616,5.525
C0843,L06,12.493,12.164,12.176,12.602,10.065,10.198,10.463,9.964,5.649,5.514,5.567,5.679
C0844,L06,12.857,12.967,12.979,13.621,9.794,9.992,10.002,9.896,5.527,5.391,5.544,5.458
C0845,L06,11.479,11.433,11.797,11.453,10.281,10.539,10.711,11.059,5.561,5.49,5.457,5.739
C0846,L06,11.003,11.247,11.116,11.11,9.793,10.523,10.097,10.093,5.259,5.639,5.427,5.562
C0847,L06,11.171,11.159,11.5,11.666,9.883,9.719,10.082,10.322,5.454,5.437,5.607,5.29
C0848,L06,11.552,11.811,11.521,11.68,10.447,10.719,10.824,10.899,5.366,5.302,5.262,5.4
C0849,L06,11.558,11.591,11.653,11.548,10.338,10.489,10.514,10.6,5.534,5.515,5.652,5.618
C0850,L06,13.119,13.0,13.561,13.229,8.384,8.799,8.742,9.153,5.805,5.675,5.944,5.78
C0851,L06,10.953,11.042,10.882,11.39,8.605,8.554,8.565,8.182,5.361,5.481,5.603,5.511
C0852,L06,12.079,12.602,12.976,12.681,8.858,9.032,9.257,9.511,5.446,5.452,5.636,5.493
C0853,L06,11.259,11.59,11.08,11.565,9.525,9.557,9.746,9.909,5.673,5.631,5.596,5.755
C0854,L06,11.62,11.387,11.745,12.063,9.999,10.225,10.477,10.502,5.368,5.442,5.615,5.634
C0855,L06,11.798,11.791,11.789,12.505,10.794,10.232,10.451,10.176,5.637,5.499,5.643,5.678
C0856,L06,12.321,12.26,12.77,12.689,9.036,9.026,9.17,9.476,5.293,5.473,5.386,5.245
C0857,L06,11.221,11.272,11.475,11.833,11.732,11.194,11.335,11.124,5.408,5.444,5.679,5.379
C0858,L06,11.693,12.501,11.943,11.944,9.6,9.702,9.822,9.783,5.434,5.403,5.635,5.464
C0859,L06,12.694,12.716,12.781,12.836,9.692,9.634,9.794,9.626,5.467,5.326,5.596,5.526
C0860,L06,10.891,10.786,11.848,11.317,8.869,8.939,9.307,9.086,5.778,5.855,5.887,5.904
C0861,L06,10.858,11.493,11.953,11.957,9.603,9.681,9.933,9.862,5.661,5.557,5.611,5.377
C0862,L06,11.615,11.973,12.107,12.652,8.723,8.914,9.203,9.155,5.469,5.631,5.514,5.541
C0863,L06,12.019,12.068,12.284,12.144,8.614,9.278,8.634,9.271,5.194,5.42,5.622,5.546
C0864,L06,11.078,11.744,11.413,11.497,10.047,9.942,10.17,10.02,5.419,5.4,5.372,5.469
C0865,L06,11.363,11.81,11.82,11.67,8.456,8.709,9.274,9.049,5.824,5.713,5.763,5.956
C0866,L06,11.214,11.739,11.564,11.984,8.35,8.681,8.692,8.642,5.573,5.373,5.468,5.539
C0867,L06,12.677,12.935,12.502,12.783,9.149,9.689,9.68,9.689,5.504,5.428,5.518,5.387
C0868,L06,11.97,12.152,12.127,12.132,9.142,9.406,9.477,9.785,5.762,5.623,5.765,5.782
C0869,L06,12.733,12.114,13.065,12.773,9.666,10.044,9.749,9.989,5.549,5.437,5.563,5.74
C0870,L06,12.501,12.355,12.438,12.365,9.864,10.522,10.583,10.564,5.304,5.645,5.565,5.25
C0871,L06,11.15,11.636,11.795,11.297,9.365,9.433,9.674,9.741,5.613,5.651,5.555,5.657
C0872,L06,11.948,11.069,11.31,11.883,9.337,9.414,9.841,9.926,5.549,5.546,5.865,5.767
C0873,L06,11.657,11.529,12.092,11.977,8.734,8.952,9.034,9.262,5.584,5.595,5.622,5.683
C0874,L06,10.799,11.291,11.443,11.898,9.284,9.667,9.728,10.436,5.464,5.286,5.415,5.521
C0875,L06,11.542,11.949,11.899,12.063,8.968,9.389,9.274,8.945,5.576,5.463,5.82,5.582
C0876,L06,12.476,13.16,12.958,13.007,8.821,8.591,8.83,8.883,5.498,5.468,5.869,5.521
C0877,L06,11.418,11.601,11.943,11.866,10.629,10.803,11.159,10.732,5.76,5.668,5.682,5.937
C0878,L06,13.288,13.363,13.728,14.104,11.046,11.169,11.169,10.971,5.572,5.425,5.494,5.601
C0879,L06,10.848,10.579,10.403,10.706,10.578,10.487,10.252,10.628,5.471,5.405,5.37,5.458
C0880,L06,12.196,12.086,12.432,12.767,9.609,10.086,10.246,10.195,5.474,5.598,5.34,5.477
C0881,L06,10.049,10.617,10.563,10.729,9.212,9.525,9.913,9.673,5.479,5.714,5.639,5.536
C0882,L06,11.807,11.719,11.794,12.299,10.083,9.989,10.134,10.763,5.516,5.726,5.418,5.481
C0883,L06,12.358,12.766,12.476,12.333,8.707,8.641,8.699,8.9,5.573,5.52,5.623,5.706
C0884,L06,13.074,13.455,13.609,13.326,11.594,11.781,11.895,12.224,5.477,5.578,5.462,5.452
C0885,L06,11.926,12.587,12.628,12.484,9.504,9.18,9.701,9.799,5.337,5.335,5.371,5.256
C0886,L06,11.128,11.093,11.267,10.871,10.191,10.454,10.647,10.886,5.397,5.429,5.759,5.6
C0887,L06,12.389,12.678,12.537,12.64,9.228,9.145,9.464,9.497,5.516,5.456,5.526,5.645
C0888,L06,10.726,11.007,10.998,11.498,9.536,9.679,9.933,9.921,5.435,5.476,5.588,5.614
C0889,L06,12.263,12.249,12.027,12.459,9.345,9.542,9.39,9.498,5.674,5.567,5.621,5.687
C0890,L06,11.222,11.239,11.463,10.976,9.722,10.002,10.026,10.039,5.782,5.846,5.732,5.851
C0891,L06,10.387,10.697,10.857,10.452,11.418,11.109,11.503,11.943,5.568,5.392,5.555,5.727
C0892,L06,12.759,12.175,12.411,13.181,10.184,10.121,10.476,10.499,5.556,5.474,5.432,5.684
C0893,L06,13.297,13.261,13.605,13.823,9.034,9.491,9.888,9.622,5.665,5.366,5.372,5.424
C0894,L06,10.338,10.863,10.618,10.716,9.337,8.944,9.576,9.369,5.569,5.742,5.609,5.615
C0895,L06,11.104,11.486,12.332,11.133,9.881,9.992,10.202,10.177,5.773,5.529,5.631,5.496
C0896,L06,12.368,12.158,12.433,13.114,8.977,9.444,9.282,9.275,5.49,5.461,5.344,5.464
C0897,L06,10.997,10.94,11.187,11.573,9.733,9.471,9.746,9.699,5.545,5.576,5.568,5.507
C0898,L06,11.519,10.945,11.072,11.492,10.257,10.129,10.106,10.476,5.609,5.645,5.558,5.723
C0899,L06,10.939,10.544,10.837,11.046,9.651,9.647,9.615,9.83,5.513,5.555,5.596,5.454
C0900,L06,10.597,10.457,10.925,11.159,11.328,10.939,11.37,11.352,5.59,5.471,5.454,5.785
C0901,L07,10.034,10.777,14.961,16.97,9.528,12.336,19.248,27.353,5.312,5.32,5.409,5.404
C0902,L07,11.366,11.725,11.09,11.623,10.221,10.238,10.511,10.329,5.487,5.382,5.244,5.373
C0903,L07,11.387,11.015,12.058,11.813,10.256,10.515,10.597,10.76,5.514,5.389,5.826,5.563
C0904,L07,11.872,11.169,11.783,11.898,9.694,10.173,10.475,10.762,5.308,5.653,5.546,5.466
C0905,L07,9.917,9.933,9.575,10.119,8.393,8.396,8.81,8.75,5.528,5.49,5.564,5.727
C0906,L07,10.335,10.205,10.866,10.955,9.531,9.575,9.427,9.36,5.388,5.259,5.383,5.469
C0907,L07,9.827,10.461,10.828,10.604,8.857,9.454,9.914,10.2,5.269,5.271,6.055,6.346
C0908,L07,11.53,11.743,11.698,11.469,7.771,8.027,8.151,8.146,5.489,5.355,5.564,5.204
C0909,L07,10.202,10.845,15.224,26.551,8.587,10.622,19.35,43.527,5.404,5.593,5.669,5.714
C0910,L07,10.034,10.695,10.966,10.687,10.189,10.603,10.317,10.774,5.162,5.111,5.22,5.175
C0911,L07,11.639,11.736,11.745,11.842,9.964,9.857,10.043,9.726,5.358,5.659,5.566,5.6
C0912,L07,11.081,11.426,11.661,11.433,10.831,10.858,11.008,11.342,5.342,5.446,5.376,5.377
C0913,L07,10.151,10.684,10.79,11.063,9.49,9.904,9.771,10.197,5.384,5.47,5.357,5.441
C0914,L07,10.929,11.059,11.159,11.54,9.89,10.247,10.152,10.667,5.267,5.353,5.294,5.239
C0915,L07,10.771,10.546,11.287,10.913,10.25,10.622,10.236,10.586,5.423,5.481,5.559,5.371
C0916,L07,11.497,11.387,11.796,11.541,9.369,9.389,9.719,9.347,5.565,5.801,5.53,5.647
C0917,L07,9.687,9.878,10.258,10.732,10.497,10.369,10.632,10.937,5.394,5.43,5.372,5.471
C0918,L07,10.797,10.889,11.338,11.112,9.513,9.578,9.721,9.341,5.147,5.112,5.202,5.334
C0919,L07,11.559,11.737,11.552,12.35,10.545,10.512,10.622,10.624,5.541,5.219,5.347,5.163
C0920,L07,10.962,10.942,11.306,11.228,9.485,9.703,9.721,9.72,5.337,5.422,5.316,5.114
C0921,L07,10.457,10.854,10.683,10.322,8.751,8.804,8.848,9.153,5.337,5.287,5.246,5.298
C0922,L07,12.314,12.034,12.095,12.795,10.173,10.051,10.687,10.8,5.429,5.236,5.503,5.305
C0923,L07,10.514,10.943,11.046,11.136,9.696,9.698,10.189,10.133,5.526,5.382,5.362,5.545
C0924,L07,10.467,10.331,10.811,10.619,9.014,9.038,9.339,9.294,5.359,5.456,5.49,5.412
C0925,L07,11.071,11.005,11.18,11.342,8.397,8.193,8.44,8.559,5.183,5.479,5.235,5.355
C0926,L07,10.622,11.162,11.298,11.324,9.229,10.02,9.822,10.184,5.495,5.153,5.504,5.405
C0927,L07,11.746,11.677,11.715,11.887,7.941,8.01,8.362,8.46,5.265,5.34,5.297,5.382
C0928,L07,9.746,10.051,10.323,10.261,10.068,10.431,10.365,10.657,5.525,5.457,5.524,5.536
C0929,L07,10.546,10.894,10.842,10.606,10.324,10.424,10.563,10.792,5.302,5.425,5.448,5.371
C0930,L07,9.709,11.087,14.41,24.394,10.478,12.013,22.835,56.411,5.453,5.466,5.717,5.782
C0931,L07,10.392,11.008,10.925,11.205,9.62,9.719,9.905,9.796,5.486,5.44,5.441,5.594
C0932,L07,11.599,11.991,11.806,11.927,10.41,10.379,10.741,10.692,5.47,5.45,5.496,5.525
C0933,L07,10.532,11.379,10.873,10.829,10.808,11.082,11.302,11.306,5.143,5.423,5.431,5.21
C0934,L07,10.314,10.458,9.959,11.202,10.273,10.728,10.763,10.719,5.463,5.507,5.478,5.476
C0935,L07,11.567,11.821,11.727,11.832,10.156,10.551,10.795,10.834,5.415,5.31,5.407,5.391
C0936,L07,10.748,10.967,10.886,11.358,10.193,10.037,9.885,10.239,5.436,5.367,5.259,5.633
C0937,L07,10.569,11.076,11.129,10.763,10.32,10.484,10.519,10.446,5.521,5.493,5.534,5.253
C0938,L07,10.021,10.48,10.278,10.626,10.389,11.105,11.511,11.787,5.468,5.6,5.414,5.55
C0939,L07,9.788,10.217,10.574,10.547,8.619,8.62,8.748,8.896,5.228,5.552,5.483,5.33
C0940,L07,10.787,11.007,10.637,11.075,8.17,7.786,7.859,8.187,5.309,5.343,5.554,5.417
C0941,L07,10.83,11.452,11.346,11.536,10.221,10.296,10.639,10.4,5.579,5.537,5.523,5.818
C0942,L07,10.422,10.666,10.77,10.59,9.422,9.345,9.505,9.471,5.151,5.248,5.428,5.289
C0943,L07,10.887,10.517,10.909,10.874,9.62,9.865,9.85,10.245,5.444,5.422,5.389,5.359
C0944,L07,9.784,9.399,9.751,9.275,8.739,8.956,9.007,9.016,5.446,5.469,5.201,5.196
C0945,L07,10.583,10.844,10.891,10.926,11.776,11.83,11.749,11.223,5.376,5.267,5.473,5.501
C0946,L07,11.363,11.793,12.272,11.915,9.803,10.126,10.102,10.244,5.485,5.342,5.349,5.448
C0947,L07,10.888,11.125,11.317,11.407,8.502,8.621,8.644,8.612,5.196,5.598,5.364,5.479
C0948,L07,10.491,10.773,10.721,11.152,8.436,8.35,9.014,9.043,5.22,5.202,5.326,5.308
C0949,L07,10.943,11.107,11.951,12.024,9.208,9.121,9.96,10.373,5.658,5.868,6.553,8.616
C0950,L07,11.743,12.117,14.835,21.219,7.786,8.278,9.196,11.756,5.579,5.528,5.504,6.126
C0951,L07,9.856,9.893,10.21,9.902,9.781,9.756,9.867,10.043,5.307,5.164,5.736,6.523
C0952,L07,11.093,11.648,11.717,11.679,11.088,11.483,11.487,11.904,5.245,5.417,5.418,5.318
C0953,L07,10.703,10.518,10.933,10.941,9.625,9.715,9.957,10.178,5.523,5.575,5.58,5.606
C0954,L07,10.343,10.502,10.226,10.574,9.348,9.612,9.611,10.065,5.625,5.684,5.622,5.681
C0955,L07,11.082,11.351,11.511,11.631,9.961,9.803,9.945,10.094,5.343,5.169,5.303,5.195
C0956,L07,9.926,10.807,13.684,21.326,11.444,12.711,21.109,43.242,5.427,5.519,5.739,5.528
C0957,L07,10.242,10.407,10.73,10.661,9.723,9.38,10.064,9.733,5.315,5.384,5.361,5.319
C0958,L07,11.914,12.151,12.015,12.78,8.676,8.758,8.86,8.841,5.606,5.575,5.47,5.573
C0959,L07,10.511,10.958,11.049,11.001,9.197,9.018,9.478,9.603,5.27,5.32,5.425,5.443
C0960,L07,9.658,9.31,9.859,9.77,9.287,9.591,9.392,8.961,5.282,5.448,5.517,5.352
C0961,L07,9.748,9.971,11.581,16.457,9.781,10.605,16.032,30.512,5.232,5.215,5.208,5.414
C0962,L07,10.386,10.235,10.192,10.476,9.062,9.35,9.426,9.702,5.493,5.453,5.374,5.195
C0963,L07,10.327,10.284,10.825,10.188,8.76,8.308,8.583,8.884,5.47,5.511,5.458,5.627
C0964,L07,11.836,11.803,12.235,12.642,9.184,9.241,9.011,9.413,5.28,5.518,5.564,5.521
C0965,L07,10.212,10.28,10.243,10.656,9.209,9.379,9.41,9.426,5.484,5.708,5.327,5.542
C0966,L07,11.801,11.967,11.778,12.428,8.707,8.61,8.812,8.876,5.493,5.647,5.493,5.693
C0967,L07,10.502,10.515,10.846,11.626,8.568,8.742,8.925,9.273,5.574,5.374,5.574,5.56
C0968,L07,11.327,11.334,11.499,11.519,9.922,10.025,9.844,9.876,5.252,5.534,5.198,5.582
C0969,L07,11.227,11.315,11.756,11.191,9.117,9.381,9.965,9.602,5.918,5.812,5.885,5.663
C0970,L07,10.996,11.148,11.453,11.228,8.386,8.496,8.705,8.704,5.617,5.521,5.501,5.531
C0971,L07,10.205,9.985,10.25,10.529,10.307,10.896,11.366,11.862,5.55,5.81,6.423,6.56
C0972,L07,10.983,11.147,11.432,10.956,9.193,9.243,9.458,9.17,5.397,5.605,5.278,5.402
C0973,L07,10.228,10.156,10.245,10.587,9.95,9.359,10.087,9.935,5.242,5.494,5.162,5.202
C0974,L07,11.414,11.419,11.555,11.56,10.007,9.769,9.893,9.915,5.318,5.324,5.463,5.585
C0975,L07,10.788,11.256,11.297,11.195,10.415,10.514,10.686,10.218,5.393,5.479,5.448,5.364
C0976,L07,11.32,11.573,11.531,11.67,10.546,10.901,10.74,10.546,5.492,5.598,5.266,5.619
C0977,L07,12.195,12.133,12.391,12.623,10.167,10.345,10.496,10.173,5.457,5.638,5.393,5.496
C0978,L07,10.773,10.555,11.036,11.204,9.672,9.468,9.791,10.231,5.372,5.31,5.367,5.535
C0979,L07,11.143,11.9,15.359,17.445,10.016,10.974,12.853,14.751,5.421,5.446,5.494,5.883
C0980,L07,10.252,10.332,10.556,11.173,9.117,8.897,8.913,9.136,5.427,5.559,5.383,5.465
C0981,L07,9.908,10.128,9.89,10.128,8.834,8.603,8.53,8.684,5.267,5.052,5.243,5.215
C0982,L07,10.305,10.791,10.62,10.734,9.271,8.794,9.484,9.152,5.296,5.396,5.431,5.275
C0983,L07,10.002,10.322,10.85,10.289,9.67,9.272,9.389,9.316,5.276,5.487,5.424,5.491
C0984,L07,10.589,11.06,10.933,10.958,9.25,9.436,9.264,9.45,5.206,5.3,5.266,5.422
C0985,L07,10.016,10.264,10.235,10.667,9.864,9.617,10.079,10.06,5.432,5.544,5.361,5.361
C0986,L07,11.466,12.073,11.949,11.819,9.07,9.162,9.461,9.554,5.478,5.501,5.377,5.659
C0987,L07,10.025,10.037,10.595,10.686,8.594,8.76,9.574,9.465,5.331,5.329,7.082,7.33
C0988,L07,10.014,9.802,10.071,9.856,9.336,9.361,9.964,10.144,5.208,5.937,6.442,6.709
C0989,L07,12.359,12.572,12.127,12.26,9.044,9.159,9.474,9.0,5.324,5.164,5.35,5.436
C0990,L07,11.005,11.266,10.802,11.037,10.027,10.59,10.44,10.422,5.098,5.231,5.273,5.235
C0991,L07,11.071,10.993,11.143,11.364,9.669,9.632,9.559,9.336,5.21,5.319,5.309,5.5
C0992,L07,11.405,12.011,16.813,30.587,9.628,11.707,25.808,66.012,5.409,5.422,5.352,5.435
C0993,L07,10.659,10.672,11.032,11.201,9.14,9.509,9.64,9.184,5.079,5.365,5.498,5.255
C0994,L07,11.451,11.561,11.74,11.996,10.313,10.33,10.17,10.743,5.311,5.123,5.193,5.485
C0995,L07,10.969,10.696,10.539,11.103,8.712,9.079,9.122,8.657,5.565,5.462,5.513,5.357
C0996,L07,10.61,11.182,13.412,15.925,10.513,11.09,13.563,16.725,5.506,5.508,5.802,6.068
C0997,L07,10.184,10.341,10.412,10.416,8.071,8.523,8.615,8.299,5.462,5.195,5.15,5.397
C0998,L07,9.309,9.525,9.314,9.502,10.239,10.175,10.087,10.268,5.317,5.391,5.315,5.285
C0999,L07,11.135,11.169,10.981,11.233,8.861,9.006,9.175,9.127,5.427,5.654,5.271,5.436
C1000,L07,10.062,10.368,10.432,10.148,9.242,9.645,9.457,9.174,5.305,5.42,5.138,5.446
C1001,L07,10.847,10.37,10.841,10.997,9.949,9.696,9.703,9.767,5.347,5.271,5.415,5.401
C1002,L07,11.715,11.663,12.707,12.382,9.273,8.915,9.213,9.386,5.33,5.119,5.307,5.403
C1003,L07,10.96,11.402,11.101,11.47,9.465,9.607,9.638,10.024,5.243,5.389,5.223,5.235
C1004,L07,11.65,11.456,11.691,11.774,10.863,10.629,10.755,11.202,5.52,5.611,5.631,5.57
C1005,L07,10.8,10.933,11.086,10.93,9.814,10.007,10.157,10.217,5.387,5.44,5.466,5.355
C1006,L07,9.787,10.925,13.985,16.565,9.029,11.603,22.03,31.711,5.291,5.316,5.55,5.396
C1007,L07,11.25,10.708,11.78,11.303,7.291,7.38,7.505,7.484,5.369,5.415,5.269,5.297
C1008,L07,10.161,10.172,10.444,10.47,8.715,9.166,9.112,9.444,5.417,5.429,5.579,5.54
C1009,L07,10.473,10.772,10.567,11.049,10.134,10.057,10.23,10.689,5.298,5.151,5.234,5.413
C1010,L07,11.563,11.519,11.428,11.8,9.778,9.782,9.759,9.877,5.543,5.541,5.394,5.75
C1011,L07,11.532,12.199,16.234,25.915,9.272,10.115,14.307,24.772,5.295,5.777,6.176,6.984
C1012,L07,11.25,11.516,11.982,12.466,11.44,10.953,11.5,12.427,5.255,5.588,6.287,7.673
C1013,L07,11.04,13.29,19.51,26.598,9.221,18.102,42.644,67.947,5.298,5.394,5.641,5.828
C1014,L07,9.347,9.168,9.413,9.602,9.67,9.91,9.907,9.814,5.461,5.345,5.276,5.417
C1015,L07,11.007,11.159,11.699,11.495,8.961,9.723,9.4,9.736,5.33,5.46,5.344,5.324
C1016,L07,11.866,11.786,12.778,12.233,11.165,11.295,11.939,10.981,5.37,5.418,5.384,5.437
C1017,L07,10.915,11.053,10.87,11.429,10.754,10.716,11.144,11.296,5.453,5.527,5.567,5.47
C1018,L07,10.254,10.432,10.561,10.708,10.495,10.76,10.857,10.66,5.648,5.525,5.615,5.568
C1019,L07,10.837,10.708,11.674,11.301,9.597,9.975,10.048,10.294,5.576,5.676,5.537,5.62
C1020,L07,11.135,11.022,11.336,11.126,10.261,10.477,9.984,10.137,5.71,5.701,5.708,5.498
C1021,L07,10.197,10.322,11.126,10.573,9.885,9.779,10.271,10.154,5.214,5.218,5.306,5.323
C1022,L07,11.203,10.82,11.658,11.644,8.918,9.107,9.125,9.131,5.517,5.412,5.614,5.318
C1023,L07,11.202,11.513,34.432,34.832,8.639,8.582,50.449,50.27,5.485,5.439,5.606,5.768
C1024,L07,12.406,12.386,12.54,12.564,9.588,9.173,9.257,9.261,5.281,5.22,5.325,5.309
C1025,L07,11.618,11.813,14.583,22.433,9.285,10.965,19.141,38.81,4.982,5.303,5.426,5.223
C1026,L07,11.951,11.815,12.388,12.396,10.874,11.715,11.553,11.437,5.111,5.17,5.42,5.328
C1027,L07,10.395,10.716,10.501,10.806,10.097,9.8,9.763,10.162,5.249,5.474,5.635,5.268
C1028,L07,11.674,11.439,11.345,11.039,8.563,8.673,9.063,9.131,5.511,5.325,5.498,5.456
C1029,L07,11.136,11.239,11.211,11.197,9.218,9.347,9.935,9.849,5.277,5.177,5.168,5.221
C1030,L07,11.388,11.82,11.931,11.757,9.547,9.679,9.391,9.37,5.361,5.48,5.507,5.434
C1031,L07,10.979,11.163,10.972,10.879,10.697,10.746,10.344,10.974,5.189,5.554,5.492,5.539
C1032,L07,10.85,10.831,11.071,10.865,9.485,9.829,10.623,10.181,5.456,6.195,6.916,6.504
C1033,L07,10.919,10.97,10.921,10.604,11.086,10.854,11.046,10.876,5.681,5.552,5.542,5.618
C1034,L07,11.819,11.495,12.352,11.868,9.312,9.747,10.228,9.783,5.547,5.397,5.516,5.549
C1035,L07,11.128,11.736,12.149,11.985,6.728,6.709,6.717,6.882,5.556,5.421,5.331,5.307
C1036,L07,10.837,10.907,11.643,11.456,8.952,9.0,9.725,9.935,5.05,5.334,6.001,6.475
C1037,L07,11.601,11.609,11.501,11.599,9.289,9.021,9.412,9.381,5.504,5.359,5.395,5.399
C1038,L07,10.479,10.9,13.551,16.727,10.574,14.728,26.241,38.923,5.271,5.319,5.232,5.108
C1039,L07,11.198,11.53,11.394,11.377,9.933,9.569,9.765,9.527,5.088,5.253,5.281,5.247
C1040,L07,10.141,10.604,10.694,10.611,8.885,8.983,9.463,9.493,5.491,5.554,5.568,5.751
C1041,L07,11.056,10.518,11.215,11.506,10.148,10.349,10.572,10.417,5.441,5.394,5.359,5.27
C1042,L07,11.468,11.568,11.835,11.504,9.85,10.243,9.972,10.388,5.528,5.419,5.435,5.503
C1043,L07,11.97,12.036,12.041,11.791,9.835,9.647,10.271,10.046,5.048,5.34,5.291,5.154
C1044,L07,11.37,11.391,12.278,11.717,9.667,10.015,10.182,10.272,5.131,5.292,5.341,5.206
C1045,L07,10.399,10.4,10.889,10.66,9.063,9.287,9.491,9.266,5.415,5.365,5.465,5.385
C1046,L07,12.132,12.715,12.16,12.509,11.628,11.367,11.636,11.689,5.358,5.272,5.382,5.392
C1047,L07,12.512,11.564,11.985,12.256,10.384,10.748,10.684,10.683,5.604,5.583,5.577,5.514
C1048,L07,10.948,10.965,10.66,11.193,9.957,10.115,10.123,10.245,5.074,5.353,5.35,5.386
C1049,L07,10.364,10.276,10.488,10.809,8.511,8.773,8.941,8.637,5.234,5.465,5.194,5.26
C1050,L07,10.757,10.276,10.476,11.137,10.463,9.931,10.534,10.366,5.407,5.518,5.435,5.579
C1051,L08,12.757,12.615,12.347,12.973,9.072,9.779,9.517,9.465,5.253,5.446,5.584,5.513
C1052,L08,13.972,14.234,14.594,14.166,9.308,9.332,9.269,9.568,5.24,5.262,5.094,5.203
C1053,L08,12.578,12.8,12.906,12.945,9.12,9.246,9.128,9.474,5.103,5.009,5.119,5.175
C1054,L08,11.306,12.3,12.014,12.037,10.252,9.855,10.611,10.649,4.936,5.14,5.338,5.414
C1055,L08,14.261,14.144,13.943,14.726,8.931,8.919,9.06,9.294,5.272,5.031,5.127,5.25
C1056,L08,12.473,12.368,12.955,13.973,11.15,11.492,12.185,12.681,5.374,5.615,6.331,7.261
C1057,L08,13.699,13.92,14.024,13.988,10.782,11.194,11.467,10.858,4.973,4.999,5.167,5.251
C1058,L08,13.604,13.677,13.693,14.037,10.486,10.673,11.011,10.807,5.406,5.369,5.517,5.324
C1059,L08,13.056,13.282,13.277,13.276,10.664,10.806,10.698,10.851,5.112,5.154,5.32,5.395
C1060,L08,12.922,13.522,14.096,14.138,10.401,10.875,10.993,10.593,5.465,5.332,5.458,5.305
C1061,L08,11.722,11.66,12.472,12.781,9.758,9.588,9.801,10.333,5.208,5.375,5.063,5.301
C1062,L08,15.274,15.745,16.092,15.745,10.335,10.888,11.072,11.084,5.305,5.399,5.344,5.279
C1063,L08,12.559,12.422,12.992,12.906,10.596,11.108,11.012,10.976,5.209,5.502,5.325,5.556
C1064,L08,12.059,11.752,12.585,11.997,9.54,9.592,10.108,9.954,5.105,5.191,5.347,5.131
C1065,L08,14.813,14.949,14.839,14.799,9.644,9.717,10.425,10.025,5.29,5.467,5.318,5.292
C1066,L08,12.77,12.922,13.646,13.442,9.295,9.99,10.153,10.395,5.515,5.319,5.358,5.398
C1067,L08,13.963,14.41,14.699,14.331,10.651,10.621,10.733,11.19,5.478,5.371,5.193,5.172
C1068,L08,13.037,13.654,13.413,13.276,8.976,8.823,9.272,9.134,5.13,5.182,5.168,5.174
C1069,L08,12.14,12.612,12.665,12.961,11.464,11.668,11.799,11.759,5.355,5.269,5.434,5.381
C1070,L08,12.014,13.33,12.729,13.283,10.143,9.901,10.468,10.548,4.945,5.128,5.049,5.277
C1071,L08,12.899,12.674,13.25,13.568,10.046,10.575,10.662,10.792,5.297,5.244,5.397,5.256
C1072,L08,12.964,13.096,13.448,13.288,9.893,9.903,10.37,9.956,5.754,5.762,5.357,5.718
C1073,L08,13.068,12.776,13.322,12.986,10.089,10.078,10.46,10.114,5.263,5.231,5.255,5.2
C1074,L08,12.36,12.82,12.94,13.192,9.653,9.705,9.72,9.657,5.665,5.611,5.576,5.606
C1075,L08,12.835,13.587,13.379,13.295,10.126,10.447,10.302,10.899,5.513,5.288,5.337,5.39
C1076,L08,14.499,14.746,14.838,14.895,10.827,10.536,10.63,11.008,5.128,5.475,5.467,5.219
C1077,L08,13.472,13.734,13.881,13.526,10.143,10.162,10.244,10.542,5.379,5.317,5.422,5.149
C1078,L08,15.465,14.716,14.862,15.381,10.196,10.14,10.117,10.533,5.095,5.184,5.351,5.25
C1079,L08,14.393,15.182,14.308,14.648,9.419,9.876,10.014,10.113,5.348,5.423,5.305,5.286
C1080,L08,14.736,14.814,15.161,14.367,10.449,10.625,11.049,11.028,5.144,5.341,5.135,5.26
C1081,L08,15.5,15.117,15.304,16.014,9.677,10.474,9.867,10.095,5.242,5.108,5.191,5.372
C1082,L08,14.12,14.859,14.411,14.548,10.581,10.781,11.21,11.199,5.488,5.359,5.45,5.49
C1083,L08,14.499,15.132,15.368,14.858,8.798,8.91,9.35,9.455,5.186,5.117,5.391,5.228
C1084,L08,13.636,14.256,14.765,13.982,9.842,10.086,10.036,9.897,5.179,5.195,5.2,5.047
C1085,L08,13.953,14.074,14.169,14.483,11.092,11.419,11.254,11.74,5.49,5.133,5.512,5.263
C1086,L08,13.159,12.784,12.649,12.782,10.283,10.679,10.22,10.635,5.375,5.115,5.03,5.307
C1087,L08,12.601,13.631,13.356,13.271,12.017,11.478,11.678,12.182,5.14,5.4,5.448,5.448
C1088,L08,12.637,12.906,12.916,13.052,9.535,9.51,10.267,9.815,5.449,5.326,5.267,5.27
C1089,L08,13.615,13.826,13.845,14.583,9.954,9.859,9.77,9.701,5.407,5.494,5.659,5.476
C1090,L08,12.625,12.35,12.966,12.622,10.169,10.269,10.02,10.3,5.058,5.251,5.263,5.219
C1091,L08,11.828,12.237,12.6,12.736,10.299,10.337,10.768,10.836,5.184,5.014,5.284,5.106
C1092,L08,13.223,13.37,13.916,13.474,8.984,9.266,9.075,9.344,5.551,5.355,5.456,5.605
C1093,L08,13.006,12.703,13.531,12.995,9.558,9.178,9.533,9.577,5.296,5.459,5.511,5.565
C1094,L08,13.424,13.294,13.816,13.984,9.501,9.864,10.463,10.312,5.296,5.157,5.407,5.1
C1095,L08,12.784,13.593,13.69,13.537,9.254,9.109,9.493,9.73,5.24,5.101,5.2,5.125
C1096,L08,13.923,13.554,13.764,13.792,9.714,9.399,9.853,9.781,5.317,5.255,5.53,5.212
C1097,L08,12.777,12.774,12.682,13.032,9.527,9.241,9.177,9.641,5.101,5.122,5.147,5.05
C1098,L08,12.594,12.797,12.416,13.314,9.359,9.348,9.306,10.103,5.549,5.39,5.527,5.335
C1099,L08,13.601,13.876,13.651,14.145,9.538,9.597,9.885,9.791,5.362,5.426,5.409,5.505
C1100,L08,13.206,13.433,13.19,13.591,8.716,9.024,8.702,9.152,5.328,5.26,5.244,5.311
C1101,L08,12.202,15.399,24.7,33.973,10.557,16.622,34.45,48.715,5.254,5.171,5.347,5.474
C1102,L08,13.946,14.49,14.835,14.793,9.693,10.145,10.253,10.074,5.206,5.154,5.081,4.974
C1103,L08,13.306,13.362,13.739,13.989,9.6,9.875,9.767,9.799,5.139,5.068,5.375,5.302
C1104,L08,13.312,13.168,13.478,13.498,11.895,12.337,12.529,11.952,5.31,5.231,5.257,5.222
C1105,L08,13.865,13.545,13.883,14.298,10.365,10.505,10.343,10.448,5.097,5.42,5.366,5.125
C1106,L08,12.449,12.812,12.779,13.326,9.998,9.776,10.716,10.587,5.184,5.128,5.331,5.487
C1107,L08,13.475,16.67,25.382,32.786,9.758,16.505,36.293,56.498,5.226,5.237,5.558,5.624
C1108,L08,13.063,13.513,14.123,13.649,9.102,9.294,9.05,8.869,5.301,5.138,5.491,5.422
C1109,L08,12.849,13.279,13.627,13.607,9.852,9.471,9.904,10.091,5.221,5.182,5.262,5.205
C1110,L08,12.974,13.019,12.851,13.299,10.715,10.792,10.71,11.565,5.105,5.188,5.165,5.391
C1111,L08,12.305,12.21,12.273,12.494,9.7,9.741,10.073,10.035,5.251,5.284,5.304,5.352
C1112,L08,13.22,12.918,13.519,13.104,9.905,9.869,10.105,10.435,5.236,5.265,5.432,5.497
C1113,L08,13.102,13.023,13.263,12.916,9.412,9.465,9.574,9.704,5.429,5.291,5.351,5.36
C1114,L08,12.867,12.95,13.617,13.323,9.693,9.724,10.114,9.844,5.005,4.982,5.146,4.781
C1115,L08,14.22,14.457,15.005,15.094,9.768,9.599,9.517,9.541,5.113,5.308,5.313,5.349
C1116,L08,13.394,13.64,13.961,14.177,11.346,11.421,11.528,11.442,5.109,5.27,5.236,5.201
C1117,L08,13.432,13.735,14.219,13.756,9.885,10.076,9.951,10.338,5.116,5.078,5.273,5.051
C1118,L08,12.896,13.095,12.277,12.519,9.921,9.987,10.211,9.968,5.246,5.112,5.261,5.246
C1119,L08,13.936,14.03,13.623,13.716,9.575,9.555,9.823,9.849,5.293,5.357,5.408,5.428
C1120,L08,14.799,14.264,14.616,14.23,9.481,10.148,10.402,10.441,5.145,5.215,5.156,5.213
C1121,L08,14.112,14.517,14.31,14.079,10.674,10.704,10.258,10.688,5.384,5.104,5.464,5.193
C1122,L08,12.783,12.872,12.729,13.125,9.039,8.974,9.415,9.143,5.355,5.183,5.382,5.377
C1123,L08,12.683,13.074,13.063,13.059,9.894,10.089,10.061,10.247,5.113,5.195,5.454,5.28
C1124,L08,12.289,12.57,13.103,12.834,9.234,9.168,9.162,9.249,5.664,5.321,5.516,5.466
C1125,L08,13.675,13.523,13.829,14.265,10.468,10.559,10.759,10.901,5.331,5.336,5.274,5.276
C1126,L08,13.807,13.678,14.069,14.064,10.624,10.784,10.42,11.16,5.597,5.585,5.501,5.53
C1127,L08,13.623,13.904,14.34,13.95,9.498,9.309,9.715,10.01,5.386,5.264,5.256,5.39
C1128,L08,13.089,13.491,13.261,13.742,11.594,11.379,11.969,12.074,5.247,5.269,5.327,5.301
C1129,L08,13.337,13.062,13.437,13.029,10.28,10.501,10.624,10.649,5.269,5.205,5.373,5.339
C1130,L08,12.76,13.241,13.011,13.349,9.508,9.634,9.875,9.698,5.279,5.348,5.27,5.553
C1131,L08,11.703,11.603,12.165,11.86,8.54,8.298,8.614,8.762,5.356,5.465,5.218,5.115
C1132,L08,12.958,13.267,13.889,12.901,9.373,9.76,9.927,10.106,5.28,5.405,5.736,5.344
C1133,L08,13.183,13.823,13.638,13.54,9.357,9.213,9.034,9.339,5.343,5.343,5.275,5.36
C1134,L08,13.954,13.727,14.348,14.377,9.438,9.649,9.159,9.85,5.367,5.444,5.346,5.4
C1135,L08,12.552,12.064,12.179,12.146,9.235,9.265,9.277,9.545,5.364,5.281,5.295,5.475
C1136,L08,12.549,12.308,12.271,12.787,10.135,9.501,9.886,9.553,5.385,5.303,5.459,5.273
C1137,L08,11.83,11.579,11.938,12.068,11.023,11.339,10.957,11.35,5.255,5.317,5.37,5.337
C1138,L08,13.978,14.466,14.434,14.76,9.315,9.347,9.734,9.265,5.272,5.253,5.323,5.403
C1139,L08,14.135,14.958,14.399,15.307,11.084,10.622,11.077,11.449,5.262,5.189,5.09,5.313
C1140,L08,13.756,13.713,14.233,13.959,11.018,10.878,10.843,11.308,5.44,5.431,5.294,5.284
C1141,L08,11.859,12.198,12.223,11.944,9.873,9.83,10.412,10.415,5.347,5.189,5.24,5.352
C1142,L08,13.081,13.333,13.787,13.336,9.933,10.143,9.964,10.15,5.512,5.553,5.253,5.354
C1143,L08,12.83,13.327,13.546,13.635,9.321,10.17,9.881,9.657,5.398,5.445,5.242,5.251
C1144,L08,12.362,13.098,13.538,13.596,9.859,10.909,10.832,11.108,5.33,5.055,5.124,5.212
C1145,L08,13.828,13.653,14.404,14.487,8.019,8.735,8.616,8.901,5.372,5.323,5.421,5.582
C1146,L08,11.997,11.986,12.019,11.888,10.656,10.758,10.777,10.84,5.333,5.431,5.456,5.491
C1147,L08,11.553,12.049,12.247,12.053,9.271,9.673,9.898,9.797,5.32,5.257,5.255,5.258
C1148,L08,12.779,13.18,13.568,13.748,9.608,9.775,10.093,10.253,5.269,5.461,5.368,5.295
C1149,L08,12.349,12.512,12.722,12.718,9.972,9.552,9.521,9.487,5.172,5.399,5.259,5.381
C1150,L08,12.581,12.777,12.747,12.909,10.266,10.288,10.38,10.589,5.192,5.109,5.277,5.311
C1151,L08,11.521,11.202,11.833,11.933,9.294,9.978,10.321,10.312,5.337,5.242,5.314,5.298
C1152,L08,13.512,13.261,13.393,13.032,9.679,9.598,9.709,9.939,5.491,5.399,5.288,5.296
C1153,L08,14.026,14.307,14.708,15.474,11.702,11.692,11.924,13.553,5.294,5.494,5.879,7.613
C1154,L08,13.96,13.572,13.98,14.066,10.681,10.014,10.763,10.829,5.239,5.173,5.428,5.292
C1155,L08,12.677,12.751,12.589,12.817,9.788,9.404,9.624,10.358,5.199,5.396,5.258,5.35
C1156,L08,13.415,13.732,13.296,13.174,10.097,10.505,10.366,10.611,5.135,5.219,5.352,5.131
C1157,L08,11.647,11.733,11.801,12.238,9.824,9.723,10.278,10.302,5.143,5.102,5.096,5.224
C1158,L08,12.755,13.05,13.479,13.334,9.949,9.886,9.99,10.11,5.202,5.099,5.311,5.316
C1159,L08,12.743,12.633,13.149,12.994,10.339,10.414,10.136,10.193,5.112,5.368,5.118,5.3
C1160,L08,13.953,13.928,14.508,14.791,9.263,9.484,9.472,9.365,5.095,5.133,5.284,5.196
C1161,L08,11.871,11.595,12.052,12.013,10.392,10.458,10.313,10.967,5.36,5.451,5.362,5.526
C1162,L08,15.28,15.298,15.116,16.276,9.799,9.503,9.699,10.281,5.152,5.254,5.438,5.355
C1163,L08,13.671,13.585,14.535,13.785,10.933,10.779,11.067,11.532,5.287,5.4,5.286,5.495
C1164,L08,14.297,14.392,14.193,14.367,9.205,9.402,9.594,9.33,5.33,5.054,5.331,5.214
C1165,L08,12.058,12.646,13.329,13.003,9.327,9.58,9.709,9.708,5.221,5.413,5.432,5.396
C1166,L08,14.468,14.389,14.68,14.01,9.48,9.127,9.232,9.228,5.619,5.442,5.688,5.387
C1167,L08,12.438,12.282,13.0,12.784,9.254,9.336,9.79,9.195,5.271,5.564,5.307,5.47
C1168,L08,13.31,13.443,14.154,14.054,9.367,9.729,9.86,9.768,5.232,5.127,5.327,4.993
C1169,L08,13.987,13.96,14.427,14.105,9.505,9.535,10.011,10.032,5.118,5.041,5.178,5.286
C1170,L08,13.662,14.063,14.107,14.478,10.398,10.403,10.265,10.216,5.322,5.174,5.579,5.413
C1171,L08,13.296,13.561,13.634,13.351,10.154,10.084,9.914,9.818,5.255,5.186,5.21,5.338
C1172,L08,13.1,12.867,13.074,13.692,9.613,9.307,9.678,9.801,5.333,5.18,5.332,5.373
C1173,L08,14.077,14.894,14.625,14.971,9.238,9.545,9.774,9.564,5.126,5.063,5.272,5.228
C1174,L08,13.228,13.162,13.115,13.308,10.22,10.277,10.723,10.59,5.316,5.462,5.391,5.41
C1175,L08,11.356,12.909,17.213,21.498,9.265,12.877,23.941,35.514,5.321,5.372,5.469,5.382
C1176,L08,12.005,12.099,12.696,12.814,11.109,11.501,11.619,11.617,5.32,5.381,5.47,5.355
C1177,L08,13.895,14.48,13.879,14.206,10.702,10.805,11.03,11.287,5.484,5.413,5.481,5.282
C1178,L08,13.731,15.17,14.901,14.847,9.227,9.389,9.542,9.637,5.244,5.267,5.306,5.236
C1179,L08,12.58,12.944,13.072,12.769,8.12,8.051,8.071,7.753,5.192,5.364,5.174,5.186
C1180,L08,13.196,13.864,13.355,13.376,8.715,8.529,8.514,8.846,5.45,5.27,5.414,5.443
C1181,L08,12.462,12.752,13.2,13.557,10.799,10.893,10.77,10.959,5.283,5.272,5.333,5.221
C1182,L08,12.201,12.666,12.582,12.699,10.621,10.217,10.679,10.629,5.193,5.443,5.328,5.362
C1183,L08,12.712,12.857,12.717,13.221,8.84,9.132,9.46,9.336,5.234,5.239,5.263,5.139
C1184,L08,13.393,13.009,13.706,12.761,10.926,11.318,11.471,11.29,5.321,5.338,5.322,5.175
C1185,L08,13.421,12.922,13.269,13.819,10.195,10.314,10.764,10.454,5.105,5.162,5.226,5.107
C1186,L08,12.614,13.149,12.844,12.904,11.371,11.862,11.518,11.862,5.325,5.121,5.326,5.388
C1187,L08,13.415,13.74,14.219,14.145,9.735,9.987,9.999,10.2,5.324,5.149,5.376,5.206
C1188,L08,13.03,12.722,13.674,14.086,10.214,10.61,10.529,10.644,5.142,5.205,5.218,4.963
C1189,L08,11.811,12.347,11.926,12.363,9.642,9.565,10.149,10.269,5.459,5.436,5.538,5.392
C1190,L08,11.812,12.029,11.698,12.041,10.493,11.065,10.571,11.113,5.374,5.382,5.417,5.337
C1191,L08,12.736,12.852,12.506,13.167,9.389,9.424,9.799,9.47,5.273,5.348,5.556,5.4
C1192,L08,13.637,13.558,13.231,13.687,8.774,9.115,9.167,8.968,5.338,5.134,5.127,5.452
C1193,L08,12.955,13.34,13.935,13.598,10.493,10.672,10.727,11.066,5.366,5.323,5.46,5.291
C1194,L08,12.193,12.342,12.592,12.885,9.861,10.04,10.251,10.215,5.253,5.183,5.395,5.231
C1195,L08,13.202,13.016,13.118,14.051,10.241,10.406,10.358,10.793,5.387,5.353,5.386,5.38
C1196,L08,13.134,13.973,13.846,14.391,9.578,9.379,10.21,9.726,5.137,5.263,5.23,5.172
C1197,L08,13.095,12.564,13.298,13.927,8.848,9.152,9.577,9.631,5.296,5.205,5.695,6.832
C1198,L08,11.309,18.551,25.975,28.265,9.531,14.679,19.162,20.764,5.685,6.008,6.619,6.686
C1199,L08,12.49,13.051,15.214,20.546,9.547,10.578,16.992,33.631,5.202,5.413,5.192,5.338
C1200,L08,12.861,13.574,13.2,13.81,9.722,10.159,10.044,10.37,5.222,5.174,5.003,4.938
